Validation_Set,Topics,Alpha,Beta,Coherence_(c_v),Coherence_(u_mass)
75% Corpus,5,0.01,0.01,0.7161639115549556,0.7161639115549556
75% Corpus,5,0.01,0.31,0.7152593775209487,0.7152593775209487
75% Corpus,5,0.01,0.61,0.718503714715907,0.718503714715907
75% Corpus,5,0.01,0.9099999999999999,0.7109168002541643,0.7109168002541643
75% Corpus,5,0.01,symmetric,0.7144363838528646,0.7144363838528646
75% Corpus,5,0.31,0.01,0.697677385158746,0.697677385158746
75% Corpus,5,0.31,0.31,0.6950104728008111,0.6950104728008111
75% Corpus,5,0.31,0.61,0.7033036626810221,0.7033036626810221
75% Corpus,5,0.31,0.9099999999999999,0.7033036626810221,0.7033036626810221
75% Corpus,5,0.31,symmetric,0.6950104728008111,0.6950104728008111
75% Corpus,5,0.61,0.01,0.6939847735068176,0.6939847735068176
75% Corpus,5,0.61,0.31,0.6896256577120367,0.6896256577120367
75% Corpus,5,0.61,0.61,0.6809742653474211,0.6809742653474211
75% Corpus,5,0.61,0.9099999999999999,0.6706992297787344,0.6706992297787344
75% Corpus,5,0.61,symmetric,0.6907089596252446,0.6907089596252446
75% Corpus,5,0.9099999999999999,0.01,0.7029928335586583,0.7029928335586583
75% Corpus,5,0.9099999999999999,0.31,0.6922664642547112,0.6922664642547112
75% Corpus,5,0.9099999999999999,0.61,0.6760005827475128,0.6760005827475128
75% Corpus,5,0.9099999999999999,0.9099999999999999,0.6627522124627644,0.6627522124627644
75% Corpus,5,0.9099999999999999,symmetric,0.6804553359919302,0.6804553359919302
75% Corpus,5,symmetric,0.01,0.7125932903357002,0.7125932903357002
75% Corpus,5,symmetric,0.31,0.7065429736356567,0.7065429736356567
75% Corpus,5,symmetric,0.61,0.7002214935306672,0.7002214935306672
75% Corpus,5,symmetric,0.9099999999999999,0.7001834791349928,0.7001834791349928
75% Corpus,5,symmetric,symmetric,0.7051067287641114,0.7051067287641114
75% Corpus,5,asymmetric,0.01,0.6635246318098552,0.6635246318098552
75% Corpus,5,asymmetric,0.31,0.5877222696193452,0.5877222696193452
75% Corpus,5,asymmetric,0.61,0.5664525049039986,0.5664525049039986
75% Corpus,5,asymmetric,0.9099999999999999,0.5721150676887524,0.5721150676887524
75% Corpus,5,asymmetric,symmetric,0.6131013903131801,0.6131013903131801
75% Corpus,6,0.01,0.01,0.7203522259182124,0.7203522259182124
75% Corpus,6,0.01,0.31,0.7107932953745202,0.7107932953745202
75% Corpus,6,0.01,0.61,0.7181306009394549,0.7181306009394549
75% Corpus,6,0.01,0.9099999999999999,0.7121662702343271,0.7121662702343271
75% Corpus,6,0.01,symmetric,0.7191036668657255,0.7191036668657255
75% Corpus,6,0.31,0.01,0.6989923082476034,0.6989923082476034
75% Corpus,6,0.31,0.31,0.705516937923922,0.705516937923922
75% Corpus,6,0.31,0.61,0.7069706177570372,0.7069706177570372
75% Corpus,6,0.31,0.9099999999999999,0.7035271025869277,0.7035271025869277
75% Corpus,6,0.31,symmetric,0.7060044900603512,0.7060044900603512
75% Corpus,6,0.61,0.01,0.6984330047000217,0.6984330047000217
75% Corpus,6,0.61,0.31,0.6910622657299773,0.6910622657299773
75% Corpus,6,0.61,0.61,0.6657692401366175,0.6657692401366175
75% Corpus,6,0.61,0.9099999999999999,0.6632384665646288,0.6632384665646288
75% Corpus,6,0.61,symmetric,0.6939954545412262,0.6939954545412262
75% Corpus,6,0.9099999999999999,0.01,0.6982770288825974,0.6982770288825974
75% Corpus,6,0.9099999999999999,0.31,0.6754529402607229,0.6754529402607229
75% Corpus,6,0.9099999999999999,0.61,0.6530983998528108,0.6530983998528108
75% Corpus,6,0.9099999999999999,0.9099999999999999,0.6697967282173947,0.6697967282173947
75% Corpus,6,0.9099999999999999,symmetric,0.6899993811706754,0.6899993811706754
75% Corpus,6,symmetric,0.01,0.7055060095666885,0.7055060095666885
75% Corpus,6,symmetric,0.31,0.7083583887801934,0.7083583887801934
75% Corpus,6,symmetric,0.61,0.7106412888501139,0.7106412888501139
75% Corpus,6,symmetric,0.9099999999999999,0.7094043434330883,0.7094043434330883
75% Corpus,6,symmetric,symmetric,0.7128886072317879,0.7128886072317879
75% Corpus,6,asymmetric,0.01,0.565986414475653,0.565986414475653
75% Corpus,6,asymmetric,0.31,0.5305989730278787,0.5305989730278787
75% Corpus,6,asymmetric,0.61,0.5143387083323677,0.5143387083323677
75% Corpus,6,asymmetric,0.9099999999999999,0.5142218416514813,0.5142218416514813
75% Corpus,6,asymmetric,symmetric,0.5494040086193731,0.5494040086193731
75% Corpus,7,0.01,0.01,0.6943070486866686,0.6943070486866686
75% Corpus,7,0.01,0.31,0.6875376031028912,0.6875376031028912
75% Corpus,7,0.01,0.61,0.6835474033232399,0.6835474033232399
75% Corpus,7,0.01,0.9099999999999999,0.6821914183528717,0.6821914183528717
75% Corpus,7,0.01,symmetric,0.690098341892399,0.690098341892399
75% Corpus,7,0.31,0.01,0.6935154197622956,0.6935154197622956
75% Corpus,7,0.31,0.31,0.7002635875771975,0.7002635875771975
75% Corpus,7,0.31,0.61,0.6871698500624246,0.6871698500624246
75% Corpus,7,0.31,0.9099999999999999,0.6830207607444093,0.6830207607444093
75% Corpus,7,0.31,symmetric,0.6940146442073453,0.6940146442073453
75% Corpus,7,0.61,0.01,0.7060625595072583,0.7060625595072583
75% Corpus,7,0.61,0.31,0.6943080672020592,0.6943080672020592
75% Corpus,7,0.61,0.61,0.658620113643274,0.658620113643274
75% Corpus,7,0.61,0.9099999999999999,0.6563341748506993,0.6563341748506993
75% Corpus,7,0.61,symmetric,0.6999373519866846,0.6999373519866846
75% Corpus,7,0.9099999999999999,0.01,0.7188310294074061,0.7188310294074061
75% Corpus,7,0.9099999999999999,0.31,0.6699633288765406,0.6699633288765406
75% Corpus,7,0.9099999999999999,0.61,0.6441116023013774,0.6441116023013774
75% Corpus,7,0.9099999999999999,0.9099999999999999,0.695230434492798,0.695230434492798
75% Corpus,7,0.9099999999999999,symmetric,0.7017842960568481,0.7017842960568481
75% Corpus,7,symmetric,0.01,0.7019575516993672,0.7019575516993672
75% Corpus,7,symmetric,0.31,0.7026170622088971,0.7026170622088971
75% Corpus,7,symmetric,0.61,0.702804282773327,0.702804282773327
75% Corpus,7,symmetric,0.9099999999999999,0.7012080192555914,0.7012080192555914
75% Corpus,7,symmetric,symmetric,0.7026170622088971,0.7026170622088971
75% Corpus,7,asymmetric,0.01,0.5847220908046801,0.5847220908046801
75% Corpus,7,asymmetric,0.31,0.5573446054239837,0.5573446054239837
75% Corpus,7,asymmetric,0.61,0.5478622310818723,0.5478622310818723
75% Corpus,7,asymmetric,0.9099999999999999,0.5434911965494028,0.5434911965494028
75% Corpus,7,asymmetric,symmetric,0.5807445429053609,0.5807445429053609
75% Corpus,8,0.01,0.01,0.712640837640667,0.712640837640667
75% Corpus,8,0.01,0.31,0.7037237644943817,0.7037237644943817
75% Corpus,8,0.01,0.61,0.7054107520694501,0.7054107520694501
75% Corpus,8,0.01,0.9099999999999999,0.7015205700481542,0.7015205700481542
75% Corpus,8,0.01,symmetric,0.7078026572078878,0.7078026572078878
75% Corpus,8,0.31,0.01,0.696365752466962,0.696365752466962
75% Corpus,8,0.31,0.31,0.6995961203238206,0.6995961203238206
75% Corpus,8,0.31,0.61,0.6959670130933182,0.6959670130933182
75% Corpus,8,0.31,0.9099999999999999,0.6894509362734009,0.6894509362734009
75% Corpus,8,0.31,symmetric,0.6998990520990427,0.6998990520990427
75% Corpus,8,0.61,0.01,0.7109937719639192,0.7109937719639192
75% Corpus,8,0.61,0.31,0.6881074645992726,0.6881074645992726
75% Corpus,8,0.61,0.61,0.6512351052905566,0.6512351052905566
75% Corpus,8,0.61,0.9099999999999999,0.6400139029917638,0.6400139029917638
75% Corpus,8,0.61,symmetric,0.7042994819368837,0.7042994819368837
75% Corpus,8,0.9099999999999999,0.01,0.7263910909368367,0.7263910909368367
75% Corpus,8,0.9099999999999999,0.31,0.6644018241364716,0.6644018241364716
75% Corpus,8,0.9099999999999999,0.61,0.6502178716904059,0.6502178716904059
75% Corpus,8,0.9099999999999999,0.9099999999999999,0.7014323877221396,0.7014323877221396
75% Corpus,8,0.9099999999999999,symmetric,0.7041577400993664,0.7041577400993664
75% Corpus,8,symmetric,0.01,0.710133509691064,0.710133509691064
75% Corpus,8,symmetric,0.31,0.7049993792866553,0.7049993792866553
75% Corpus,8,symmetric,0.61,0.703007652846727,0.703007652846727
75% Corpus,8,symmetric,0.9099999999999999,0.705615576404403,0.705615576404403
75% Corpus,8,symmetric,symmetric,0.7066281349272061,0.7066281349272061
75% Corpus,8,asymmetric,0.01,0.5811108621438368,0.5811108621438368
75% Corpus,8,asymmetric,0.31,0.5659173340692405,0.5659173340692405
75% Corpus,8,asymmetric,0.61,0.5235359870452125,0.5235359870452125
75% Corpus,8,asymmetric,0.9099999999999999,0.5158908740430477,0.5158908740430477
75% Corpus,8,asymmetric,symmetric,0.5737219122946134,0.5737219122946134
75% Corpus,9,0.01,0.01,0.7120927570549469,0.7120927570549469
75% Corpus,9,0.01,0.31,0.692935732347665,0.692935732347665
75% Corpus,9,0.01,0.61,0.6859980624777762,0.6859980624777762
75% Corpus,9,0.01,0.9099999999999999,0.6889134763668585,0.6889134763668585
75% Corpus,9,0.01,symmetric,0.6959930235240903,0.6959930235240903
75% Corpus,9,0.31,0.01,0.6876193125445079,0.6876193125445079
75% Corpus,9,0.31,0.31,0.6920319837879958,0.6920319837879958
75% Corpus,9,0.31,0.61,0.685033449143679,0.685033449143679
75% Corpus,9,0.31,0.9099999999999999,0.6850044408186734,0.6850044408186734
75% Corpus,9,0.31,symmetric,0.6862840092810037,0.6862840092810037
75% Corpus,9,0.61,0.01,0.7127852022487408,0.7127852022487408
75% Corpus,9,0.61,0.31,0.6812637889104054,0.6812637889104054
75% Corpus,9,0.61,0.61,0.6518984508771313,0.6518984508771313
75% Corpus,9,0.61,0.9099999999999999,0.5864633149806349,0.5864633149806349
75% Corpus,9,0.61,symmetric,0.6992245223997865,0.6992245223997865
75% Corpus,9,0.9099999999999999,0.01,0.7263194330534917,0.7263194330534917
75% Corpus,9,0.9099999999999999,0.31,0.6667786014665102,0.6667786014665102
75% Corpus,9,0.9099999999999999,0.61,0.6939025887793335,0.6939025887793335
75% Corpus,9,0.9099999999999999,0.9099999999999999,0.6905618941899722,0.6905618941899722
75% Corpus,9,0.9099999999999999,symmetric,0.7084886058736124,0.7084886058736124
75% Corpus,9,symmetric,0.01,0.7070999384437093,0.7070999384437093
75% Corpus,9,symmetric,0.31,0.6884236656020221,0.6884236656020221
75% Corpus,9,symmetric,0.61,0.6802159771079507,0.6802159771079507
75% Corpus,9,symmetric,0.9099999999999999,0.6769267332217237,0.6769267332217237
75% Corpus,9,symmetric,symmetric,0.6932997098608562,0.6932997098608562
75% Corpus,9,asymmetric,0.01,0.5690210729667124,0.5690210729667124
75% Corpus,9,asymmetric,0.31,0.490435645349243,0.490435645349243
75% Corpus,9,asymmetric,0.61,0.4707907747970029,0.4707907747970029
75% Corpus,9,asymmetric,0.9099999999999999,0.4790372352664233,0.4790372352664233
75% Corpus,9,asymmetric,symmetric,0.5207473845592886,0.5207473845592886
75% Corpus,10,0.01,0.01,0.6667392275874282,0.6667392275874282
75% Corpus,10,0.01,0.31,0.6516943816094459,0.6516943816094459
75% Corpus,10,0.01,0.61,0.649579769847349,0.649579769847349
75% Corpus,10,0.01,0.9099999999999999,0.6381919459348467,0.6381919459348467
75% Corpus,10,0.01,symmetric,0.6663722577880655,0.6663722577880655
75% Corpus,10,0.31,0.01,0.683007460989246,0.683007460989246
75% Corpus,10,0.31,0.31,0.6782342208526706,0.6782342208526706
75% Corpus,10,0.31,0.61,0.6785284585510967,0.6785284585510967
75% Corpus,10,0.31,0.9099999999999999,0.675653215552244,0.675653215552244
75% Corpus,10,0.31,symmetric,0.6802392080433197,0.6802392080433197
75% Corpus,10,0.61,0.01,0.6940348672020504,0.6940348672020504
75% Corpus,10,0.61,0.31,0.6673982390926717,0.6673982390926717
75% Corpus,10,0.61,0.61,0.6240394673672963,0.6240394673672963
75% Corpus,10,0.61,0.9099999999999999,0.5422165501155536,0.5422165501155536
75% Corpus,10,0.61,symmetric,0.6814708397952974,0.6814708397952974
75% Corpus,10,0.9099999999999999,0.01,0.6957880690426472,0.6957880690426472
75% Corpus,10,0.9099999999999999,0.31,0.6414933123655998,0.6414933123655998
75% Corpus,10,0.9099999999999999,0.61,0.6992114839828094,0.6992114839828094
75% Corpus,10,0.9099999999999999,0.9099999999999999,0.7010792331880285,0.7010792331880285
75% Corpus,10,0.9099999999999999,symmetric,0.699479610450943,0.699479610450943
75% Corpus,10,symmetric,0.01,0.6903209810124222,0.6903209810124222
75% Corpus,10,symmetric,0.31,0.6565523912373464,0.6565523912373464
75% Corpus,10,symmetric,0.61,0.6526477638145639,0.6526477638145639
75% Corpus,10,symmetric,0.9099999999999999,0.6489608492922506,0.6489608492922506
75% Corpus,10,symmetric,symmetric,0.6694490146234784,0.6694490146234784
75% Corpus,10,asymmetric,0.01,0.5204249153653147,0.5204249153653147
75% Corpus,10,asymmetric,0.31,0.4892363097448035,0.4892363097448035
75% Corpus,10,asymmetric,0.61,0.4736772974048883,0.4736772974048883
75% Corpus,10,asymmetric,0.9099999999999999,0.46739023529043155,0.46739023529043155
75% Corpus,10,asymmetric,symmetric,0.5002972477948865,0.5002972477948865
75% Corpus,11,0.01,0.01,0.6532333691961724,0.6532333691961724
75% Corpus,11,0.01,0.31,0.5998776023390916,0.5998776023390916
75% Corpus,11,0.01,0.61,0.5812202444344254,0.5812202444344254
75% Corpus,11,0.01,0.9099999999999999,0.5788351904614321,0.5788351904614321
75% Corpus,11,0.01,symmetric,0.623211859532085,0.623211859532085
75% Corpus,11,0.31,0.01,0.6854714239929408,0.6854714239929408
75% Corpus,11,0.31,0.31,0.6728827534611135,0.6728827534611135
75% Corpus,11,0.31,0.61,0.6593915690243534,0.6593915690243534
75% Corpus,11,0.31,0.9099999999999999,0.6485830183504745,0.6485830183504745
75% Corpus,11,0.31,symmetric,0.686071488235526,0.686071488235526
75% Corpus,11,0.61,0.01,0.6936799732167869,0.6936799732167869
75% Corpus,11,0.61,0.31,0.6633605570427602,0.6633605570427602
75% Corpus,11,0.61,0.61,0.5984540359091148,0.5984540359091148
75% Corpus,11,0.61,0.9099999999999999,0.49856908817150936,0.49856908817150936
75% Corpus,11,0.61,symmetric,0.6891244140582294,0.6891244140582294
75% Corpus,11,0.9099999999999999,0.01,0.7041003457162602,0.7041003457162602
75% Corpus,11,0.9099999999999999,0.31,0.628810326908827,0.628810326908827
75% Corpus,11,0.9099999999999999,0.61,0.6969971834962451,0.6969971834962451
75% Corpus,11,0.9099999999999999,0.9099999999999999,0.7028543080336447,0.7028543080336447
75% Corpus,11,0.9099999999999999,symmetric,0.697784754084546,0.697784754084546
75% Corpus,11,symmetric,0.01,0.630407143249912,0.630407143249912
75% Corpus,11,symmetric,0.31,0.5630882207397566,0.5630882207397566
75% Corpus,11,symmetric,0.61,0.5548983435847066,0.5548983435847066
75% Corpus,11,symmetric,0.9099999999999999,0.5545787699008901,0.5545787699008901
75% Corpus,11,symmetric,symmetric,0.5733377069613698,0.5733377069613698
75% Corpus,11,asymmetric,0.01,0.5081217328736216,0.5081217328736216
75% Corpus,11,asymmetric,0.31,0.4565600886305401,0.4565600886305401
75% Corpus,11,asymmetric,0.61,0.4425219961234222,0.4425219961234222
75% Corpus,11,asymmetric,0.9099999999999999,0.4382675542227623,0.4382675542227623
75% Corpus,11,asymmetric,symmetric,0.48408133848468143,0.48408133848468143
75% Corpus,12,0.01,0.01,0.6459312177810483,0.6459312177810483
75% Corpus,12,0.01,0.31,0.5792043033278056,0.5792043033278056
75% Corpus,12,0.01,0.61,0.5768397876900724,0.5768397876900724
75% Corpus,12,0.01,0.9099999999999999,0.5669932802634462,0.5669932802634462
75% Corpus,12,0.01,symmetric,0.6150819367454362,0.6150819367454362
75% Corpus,12,0.31,0.01,0.6933095712921031,0.6933095712921031
75% Corpus,12,0.31,0.31,0.6871712399333657,0.6871712399333657
75% Corpus,12,0.31,0.61,0.6757457570888569,0.6757457570888569
75% Corpus,12,0.31,0.9099999999999999,0.6663970599598593,0.6663970599598593
75% Corpus,12,0.31,symmetric,0.6884286072832793,0.6884286072832793
75% Corpus,12,0.61,0.01,0.6908487887112513,0.6908487887112513
75% Corpus,12,0.61,0.31,0.6531577250911687,0.6531577250911687
75% Corpus,12,0.61,0.61,0.5158917080134638,0.5158917080134638
75% Corpus,12,0.61,0.9099999999999999,0.5512356355086075,0.5512356355086075
75% Corpus,12,0.61,symmetric,0.6886808230765817,0.6886808230765817
75% Corpus,12,0.9099999999999999,0.01,0.6946269246057004,0.6946269246057004
75% Corpus,12,0.9099999999999999,0.31,0.5925457614783849,0.5925457614783849
75% Corpus,12,0.9099999999999999,0.61,0.6918603863733649,0.6918603863733649
75% Corpus,12,0.9099999999999999,0.9099999999999999,0.7064176118710873,0.7064176118710873
75% Corpus,12,0.9099999999999999,symmetric,0.6914824435952996,0.6914824435952996
75% Corpus,12,symmetric,0.01,0.5738964858139354,0.5738964858139354
75% Corpus,12,symmetric,0.31,0.540584223779904,0.540584223779904
75% Corpus,12,symmetric,0.61,0.5453997709367546,0.5453997709367546
75% Corpus,12,symmetric,0.9099999999999999,0.5522690218261087,0.5522690218261087
75% Corpus,12,symmetric,symmetric,0.545925453945974,0.545925453945974
75% Corpus,12,asymmetric,0.01,0.5033372202912969,0.5033372202912969
75% Corpus,12,asymmetric,0.31,0.46363764949346115,0.46363764949346115
75% Corpus,12,asymmetric,0.61,0.45010318782546616,0.45010318782546616
75% Corpus,12,asymmetric,0.9099999999999999,0.4470462155569044,0.4470462155569044
75% Corpus,12,asymmetric,symmetric,0.4720523489325728,0.4720523489325728
75% Corpus,13,0.01,0.01,0.647585681524791,0.647585681524791
75% Corpus,13,0.01,0.31,0.5769723765861935,0.5769723765861935
75% Corpus,13,0.01,0.61,0.5543131435671736,0.5543131435671736
75% Corpus,13,0.01,0.9099999999999999,0.5555435873242476,0.5555435873242476
75% Corpus,13,0.01,symmetric,0.6354868543794533,0.6354868543794533
75% Corpus,13,0.31,0.01,0.6841304706599224,0.6841304706599224
75% Corpus,13,0.31,0.31,0.673763622550437,0.673763622550437
75% Corpus,13,0.31,0.61,0.6701670919310533,0.6701670919310533
75% Corpus,13,0.31,0.9099999999999999,0.6632592647043247,0.6632592647043247
75% Corpus,13,0.31,symmetric,0.6861691417782079,0.6861691417782079
75% Corpus,13,0.61,0.01,0.685190322359883,0.685190322359883
75% Corpus,13,0.61,0.31,0.6493583669636949,0.6493583669636949
75% Corpus,13,0.61,0.61,0.46426100552674987,0.46426100552674987
75% Corpus,13,0.61,0.9099999999999999,0.6118805943112501,0.6118805943112501
75% Corpus,13,0.61,symmetric,0.6844257788363929,0.6844257788363929
75% Corpus,13,0.9099999999999999,0.01,0.7009151483598248,0.7009151483598248
75% Corpus,13,0.9099999999999999,0.31,0.5582629738550942,0.5582629738550942
75% Corpus,13,0.9099999999999999,0.61,0.696676701695731,0.696676701695731
75% Corpus,13,0.9099999999999999,0.9099999999999999,0.7062445887896189,0.7062445887896189
75% Corpus,13,0.9099999999999999,symmetric,0.7006427365822032,0.7006427365822032
75% Corpus,13,symmetric,0.01,0.5607285992363453,0.5607285992363453
75% Corpus,13,symmetric,0.31,0.5383434858603339,0.5383434858603339
75% Corpus,13,symmetric,0.61,0.5353616639845329,0.5353616639845329
75% Corpus,13,symmetric,0.9099999999999999,0.5364355867394319,0.5364355867394319
75% Corpus,13,symmetric,symmetric,0.5440631503307812,0.5440631503307812
75% Corpus,13,asymmetric,0.01,0.4854822327573694,0.4854822327573694
75% Corpus,13,asymmetric,0.31,0.43892144562207963,0.43892144562207963
75% Corpus,13,asymmetric,0.61,0.4294773966720008,0.4294773966720008
75% Corpus,13,asymmetric,0.9099999999999999,0.42513759040531646,0.42513759040531646
75% Corpus,13,asymmetric,symmetric,0.4549264552832073,0.4549264552832073
75% Corpus,14,0.01,0.01,0.605253479624342,0.605253479624342
75% Corpus,14,0.01,0.31,0.5266091065239874,0.5266091065239874
75% Corpus,14,0.01,0.61,0.5130830732438241,0.5130830732438241
75% Corpus,14,0.01,0.9099999999999999,0.5005579729151305,0.5005579729151305
75% Corpus,14,0.01,symmetric,0.5642287784261057,0.5642287784261057
75% Corpus,14,0.31,0.01,0.6759830293001249,0.6759830293001249
75% Corpus,14,0.31,0.31,0.6628371920621196,0.6628371920621196
75% Corpus,14,0.31,0.61,0.6407851872617217,0.6407851872617217
75% Corpus,14,0.31,0.9099999999999999,0.6054452183805256,0.6054452183805256
75% Corpus,14,0.31,symmetric,0.6791767708837236,0.6791767708837236
75% Corpus,14,0.61,0.01,0.6807171829105111,0.6807171829105111
75% Corpus,14,0.61,0.31,0.6159023546845329,0.6159023546845329
75% Corpus,14,0.61,0.61,0.4371425464388385,0.4371425464388385
75% Corpus,14,0.61,0.9099999999999999,0.6997406914194569,0.6997406914194569
75% Corpus,14,0.61,symmetric,0.6811624147057441,0.6811624147057441
75% Corpus,14,0.9099999999999999,0.01,0.7013366978455838,0.7013366978455838
75% Corpus,14,0.9099999999999999,0.31,0.5311824842663023,0.5311824842663023
75% Corpus,14,0.9099999999999999,0.61,0.7041582414668941,0.7041582414668941
75% Corpus,14,0.9099999999999999,0.9099999999999999,0.7062522863453525,0.7062522863453525
75% Corpus,14,0.9099999999999999,symmetric,0.6967822557249782,0.6967822557249782
75% Corpus,14,symmetric,0.01,0.5147636533878927,0.5147636533878927
75% Corpus,14,symmetric,0.31,0.5012575941533893,0.5012575941533893
75% Corpus,14,symmetric,0.61,0.5028116153638749,0.5028116153638749
75% Corpus,14,symmetric,0.9099999999999999,0.5094159662582499,0.5094159662582499
75% Corpus,14,symmetric,symmetric,0.5082699589494043,0.5082699589494043
75% Corpus,14,asymmetric,0.01,0.4386112919091416,0.4386112919091416
75% Corpus,14,asymmetric,0.31,0.3858660664519084,0.3858660664519084
75% Corpus,14,asymmetric,0.61,0.40461376880053523,0.40461376880053523
75% Corpus,14,asymmetric,0.9099999999999999,0.4019445844892415,0.4019445844892415
75% Corpus,14,asymmetric,symmetric,0.4097485141755722,0.4097485141755722
75% Corpus,15,0.01,0.01,0.6035104113444272,0.6035104113444272
75% Corpus,15,0.01,0.31,0.5272926830726182,0.5272926830726182
75% Corpus,15,0.01,0.61,0.4984876709703094,0.4984876709703094
75% Corpus,15,0.01,0.9099999999999999,0.500616160423036,0.500616160423036
75% Corpus,15,0.01,symmetric,0.5718547054476525,0.5718547054476525
75% Corpus,15,0.31,0.01,0.6708428246169801,0.6708428246169801
75% Corpus,15,0.31,0.31,0.6542268760461293,0.6542268760461293
75% Corpus,15,0.31,0.61,0.6200365681284425,0.6200365681284425
75% Corpus,15,0.31,0.9099999999999999,0.5968956477193161,0.5968956477193161
75% Corpus,15,0.31,symmetric,0.6716279150383689,0.6716279150383689
75% Corpus,15,0.61,0.01,0.6609648245815432,0.6609648245815432
75% Corpus,15,0.61,0.31,0.6013345372714952,0.6013345372714952
75% Corpus,15,0.61,0.61,0.519485537729165,0.519485537729165
75% Corpus,15,0.61,0.9099999999999999,0.7009891440698535,0.7009891440698535
75% Corpus,15,0.61,symmetric,0.6751629871807396,0.6751629871807396
75% Corpus,15,0.9099999999999999,0.01,0.7128616367975298,0.7128616367975298
75% Corpus,15,0.9099999999999999,0.31,0.5530231378434972,0.5530231378434972
75% Corpus,15,0.9099999999999999,0.61,0.7022008407346375,0.7022008407346375
75% Corpus,15,0.9099999999999999,0.9099999999999999,0.7059136174823267,0.7059136174823267
75% Corpus,15,0.9099999999999999,symmetric,0.6896871836323337,0.6896871836323337
75% Corpus,15,symmetric,0.01,0.5139694962679008,0.5139694962679008
75% Corpus,15,symmetric,0.31,0.49644442523372756,0.49644442523372756
75% Corpus,15,symmetric,0.61,0.5000006677194289,0.5000006677194289
75% Corpus,15,symmetric,0.9099999999999999,0.49864389154328503,0.49864389154328503
75% Corpus,15,symmetric,symmetric,0.5081482931548014,0.5081482931548014
75% Corpus,15,asymmetric,0.01,0.43795020792368067,0.43795020792368067
75% Corpus,15,asymmetric,0.31,0.432498627685098,0.432498627685098
75% Corpus,15,asymmetric,0.61,0.42783179207716093,0.42783179207716093
75% Corpus,15,asymmetric,0.9099999999999999,0.4203980324623242,0.4203980324623242
75% Corpus,15,asymmetric,symmetric,0.44145607165085565,0.44145607165085565
75% Corpus,16,0.01,0.01,0.601270608003615,0.601270608003615
75% Corpus,16,0.01,0.31,0.5019559551275381,0.5019559551275381
75% Corpus,16,0.01,0.61,0.48218906200151535,0.48218906200151535
75% Corpus,16,0.01,0.9099999999999999,0.4774808280338142,0.4774808280338142
75% Corpus,16,0.01,symmetric,0.5652443989289682,0.5652443989289682
75% Corpus,16,0.31,0.01,0.6640692358332226,0.6640692358332226
75% Corpus,16,0.31,0.31,0.643726461930402,0.643726461930402
75% Corpus,16,0.31,0.61,0.6018396429150699,0.6018396429150699
75% Corpus,16,0.31,0.9099999999999999,0.5784057223867906,0.5784057223867906
75% Corpus,16,0.31,symmetric,0.666828981564215,0.666828981564215
75% Corpus,16,0.61,0.01,0.6550165604933821,0.6550165604933821
75% Corpus,16,0.61,0.31,0.5671102320458296,0.5671102320458296
75% Corpus,16,0.61,0.61,0.6000717746578965,0.6000717746578965
75% Corpus,16,0.61,0.9099999999999999,0.6874343755662424,0.6874343755662424
75% Corpus,16,0.61,symmetric,0.6703435056763909,0.6703435056763909
75% Corpus,16,0.9099999999999999,0.01,0.7231853992053536,0.7231853992053536
75% Corpus,16,0.9099999999999999,0.31,0.5789899600846705,0.5789899600846705
75% Corpus,16,0.9099999999999999,0.61,0.7057166265866945,0.7057166265866945
75% Corpus,16,0.9099999999999999,0.9099999999999999,0.705620497215282,0.705620497215282
75% Corpus,16,0.9099999999999999,symmetric,0.7065964164188283,0.7065964164188283
75% Corpus,16,symmetric,0.01,0.46200903203547916,0.46200903203547916
75% Corpus,16,symmetric,0.31,0.4467690305427602,0.4467690305427602
75% Corpus,16,symmetric,0.61,0.448175095796522,0.448175095796522
75% Corpus,16,symmetric,0.9099999999999999,0.44496369701122473,0.44496369701122473
75% Corpus,16,symmetric,symmetric,0.4529362418087891,0.4529362418087891
75% Corpus,16,asymmetric,0.01,0.46074259276302904,0.46074259276302904
75% Corpus,16,asymmetric,0.31,0.44683182122305065,0.44683182122305065
75% Corpus,16,asymmetric,0.61,0.4380276152152929,0.4380276152152929
75% Corpus,16,asymmetric,0.9099999999999999,0.4284070748043344,0.4284070748043344
75% Corpus,16,asymmetric,symmetric,0.45289704150096743,0.45289704150096743
75% Corpus,17,0.01,0.01,0.5751217520095755,0.5751217520095755
75% Corpus,17,0.01,0.31,0.4716018753787189,0.4716018753787189
75% Corpus,17,0.01,0.61,0.46561649518324927,0.46561649518324927
75% Corpus,17,0.01,0.9099999999999999,0.4633618534269473,0.4633618534269473
75% Corpus,17,0.01,symmetric,0.5217129914457812,0.5217129914457812
75% Corpus,17,0.31,0.01,0.6440222319260374,0.6440222319260374
75% Corpus,17,0.31,0.31,0.6128926142592208,0.6128926142592208
75% Corpus,17,0.31,0.61,0.5729508997382995,0.5729508997382995
75% Corpus,17,0.31,0.9099999999999999,0.5660180325872378,0.5660180325872378
75% Corpus,17,0.31,symmetric,0.6406543604312247,0.6406543604312247
75% Corpus,17,0.61,0.01,0.6405260799833749,0.6405260799833749
75% Corpus,17,0.61,0.31,0.543747898783665,0.543747898783665
75% Corpus,17,0.61,0.61,0.6645216153998645,0.6645216153998645
75% Corpus,17,0.61,0.9099999999999999,0.6934223663514687,0.6934223663514687
75% Corpus,17,0.61,symmetric,0.6586305832469408,0.6586305832469408
75% Corpus,17,0.9099999999999999,0.01,0.7238078034579749,0.7238078034579749
75% Corpus,17,0.9099999999999999,0.31,0.6357074807842795,0.6357074807842795
75% Corpus,17,0.9099999999999999,0.61,0.7060037365964941,0.7060037365964941
75% Corpus,17,0.9099999999999999,0.9099999999999999,0.7057396962640863,0.7057396962640863
75% Corpus,17,0.9099999999999999,symmetric,0.7056552496489551,0.7056552496489551
75% Corpus,17,symmetric,0.01,0.46496429201236067,0.46496429201236067
75% Corpus,17,symmetric,0.31,0.44935877592996704,0.44935877592996704
75% Corpus,17,symmetric,0.61,0.4483485755529834,0.4483485755529834
75% Corpus,17,symmetric,0.9099999999999999,0.4505892687278137,0.4505892687278137
75% Corpus,17,symmetric,symmetric,0.45674664041501467,0.45674664041501467
75% Corpus,17,asymmetric,0.01,0.4406689276590866,0.4406689276590866
75% Corpus,17,asymmetric,0.31,0.3995020299524806,0.3995020299524806
75% Corpus,17,asymmetric,0.61,0.395894027217553,0.395894027217553
75% Corpus,17,asymmetric,0.9099999999999999,0.39811328699698645,0.39811328699698645
75% Corpus,17,asymmetric,symmetric,0.4143195915868879,0.4143195915868879
75% Corpus,18,0.01,0.01,0.5755634775249383,0.5755634775249383
75% Corpus,18,0.01,0.31,0.47674398538329804,0.47674398538329804
75% Corpus,18,0.01,0.61,0.46246613063604847,0.46246613063604847
75% Corpus,18,0.01,0.9099999999999999,0.4559641017834299,0.4559641017834299
75% Corpus,18,0.01,symmetric,0.5352629373297538,0.5352629373297538
75% Corpus,18,0.31,0.01,0.6388903166810483,0.6388903166810483
75% Corpus,18,0.31,0.31,0.5959990661750597,0.5959990661750597
75% Corpus,18,0.31,0.61,0.5517028234890498,0.5517028234890498
75% Corpus,18,0.31,0.9099999999999999,0.5374524382796942,0.5374524382796942
75% Corpus,18,0.31,symmetric,0.6480306394219792,0.6480306394219792
75% Corpus,18,0.61,0.01,0.6449027293979355,0.6449027293979355
75% Corpus,18,0.61,0.31,0.508483833876068,0.508483833876068
75% Corpus,18,0.61,0.61,0.6778906427518581,0.6778906427518581
75% Corpus,18,0.61,0.9099999999999999,0.6922147214547124,0.6922147214547124
75% Corpus,18,0.61,symmetric,0.6521352372482344,0.6521352372482344
75% Corpus,18,0.9099999999999999,0.01,0.7341919007301007,0.7341919007301007
75% Corpus,18,0.9099999999999999,0.31,0.6550296504741845,0.6550296504741845
75% Corpus,18,0.9099999999999999,0.61,0.7060437775806002,0.7060437775806002
75% Corpus,18,0.9099999999999999,0.9099999999999999,0.705485949438302,0.705485949438302
75% Corpus,18,0.9099999999999999,symmetric,0.695768913496583,0.695768913496583
75% Corpus,18,symmetric,0.01,0.46590493638116887,0.46590493638116887
75% Corpus,18,symmetric,0.31,0.4439614292688375,0.4439614292688375
75% Corpus,18,symmetric,0.61,0.4533268576375338,0.4533268576375338
75% Corpus,18,symmetric,0.9099999999999999,0.4510114260324708,0.4510114260324708
75% Corpus,18,symmetric,symmetric,0.45773151570706677,0.45773151570706677
75% Corpus,18,asymmetric,0.01,0.4447498925771691,0.4447498925771691
75% Corpus,18,asymmetric,0.31,0.41790394941862324,0.41790394941862324
75% Corpus,18,asymmetric,0.61,0.41174999246093846,0.41174999246093846
75% Corpus,18,asymmetric,0.9099999999999999,0.40952637764826133,0.40952637764826133
75% Corpus,18,asymmetric,symmetric,0.4271286141922089,0.4271286141922089
75% Corpus,19,0.01,0.01,0.5694888782614437,0.5694888782614437
75% Corpus,19,0.01,0.31,0.475582711572228,0.475582711572228
75% Corpus,19,0.01,0.61,0.4509680962588807,0.4509680962588807
75% Corpus,19,0.01,0.9099999999999999,0.44271281785805155,0.44271281785805155
75% Corpus,19,0.01,symmetric,0.5262694373455933,0.5262694373455933
75% Corpus,19,0.31,0.01,0.6326727390649267,0.6326727390649267
75% Corpus,19,0.31,0.31,0.5842793549049061,0.5842793549049061
75% Corpus,19,0.31,0.61,0.5482034362744763,0.5482034362744763
75% Corpus,19,0.31,0.9099999999999999,0.526699610160732,0.526699610160732
75% Corpus,19,0.31,symmetric,0.6272732597628803,0.6272732597628803
75% Corpus,19,0.61,0.01,0.6617896423438718,0.6617896423438718
75% Corpus,19,0.61,0.31,0.48846454819309887,0.48846454819309887
75% Corpus,19,0.61,0.61,0.6866563110596814,0.6866563110596814
75% Corpus,19,0.61,0.9099999999999999,0.7051618173589637,0.7051618173589637
75% Corpus,19,0.61,symmetric,0.6461519644110093,0.6461519644110093
75% Corpus,19,0.9099999999999999,0.01,0.7390587151795661,0.7390587151795661
75% Corpus,19,0.9099999999999999,0.31,0.6745755796918165,0.6745755796918165
75% Corpus,19,0.9099999999999999,0.61,0.7056171271743118,0.7056171271743118
75% Corpus,19,0.9099999999999999,0.9099999999999999,0.7067039985427624,0.7067039985427624
75% Corpus,19,0.9099999999999999,symmetric,0.7009288842048731,0.7009288842048731
75% Corpus,19,symmetric,0.01,0.4642441904017181,0.4642441904017181
75% Corpus,19,symmetric,0.31,0.42681766460482157,0.42681766460482157
75% Corpus,19,symmetric,0.61,0.4283137814166122,0.4283137814166122
75% Corpus,19,symmetric,0.9099999999999999,0.43003446451544963,0.43003446451544963
75% Corpus,19,symmetric,symmetric,0.4310864314211716,0.4310864314211716
75% Corpus,19,asymmetric,0.01,0.4683757869224689,0.4683757869224689
75% Corpus,19,asymmetric,0.31,0.4411054176199753,0.4411054176199753
75% Corpus,19,asymmetric,0.61,0.4365708871382035,0.4365708871382035
75% Corpus,19,asymmetric,0.9099999999999999,0.42407866109000425,0.42407866109000425
75% Corpus,19,asymmetric,symmetric,0.44411287052332493,0.44411287052332493
75% Corpus,20,0.01,0.01,0.5670405441967306,0.5670405441967306
75% Corpus,20,0.01,0.31,0.46139930567849763,0.46139930567849763
75% Corpus,20,0.01,0.61,0.4444228063526233,0.4444228063526233
75% Corpus,20,0.01,0.9099999999999999,0.4293923481289495,0.4293923481289495
75% Corpus,20,0.01,symmetric,0.5439823793878176,0.5439823793878176
75% Corpus,20,0.31,0.01,0.6406467996773552,0.6406467996773552
75% Corpus,20,0.31,0.31,0.586316749789239,0.586316749789239
75% Corpus,20,0.31,0.61,0.5242089828861204,0.5242089828861204
75% Corpus,20,0.31,0.9099999999999999,0.5078430242270235,0.5078430242270235
75% Corpus,20,0.31,symmetric,0.6297573058757129,0.6297573058757129
75% Corpus,20,0.61,0.01,0.6693903202202716,0.6693903202202716
75% Corpus,20,0.61,0.31,0.45974834350368826,0.45974834350368826
75% Corpus,20,0.61,0.61,0.6864657220951359,0.6864657220951359
75% Corpus,20,0.61,0.9099999999999999,0.7059653188931913,0.7059653188931913
75% Corpus,20,0.61,symmetric,0.6381546425311956,0.6381546425311956
75% Corpus,20,0.9099999999999999,0.01,0.7401410353986668,0.7401410353986668
75% Corpus,20,0.9099999999999999,0.31,0.6844928634350749,0.6844928634350749
75% Corpus,20,0.9099999999999999,0.61,0.7072753368991379,0.7072753368991379
75% Corpus,20,0.9099999999999999,0.9099999999999999,0.7078002427367769,0.7078002427367769
75% Corpus,20,0.9099999999999999,symmetric,0.7025605453466846,0.7025605453466846
75% Corpus,20,symmetric,0.01,0.45323068715888715,0.45323068715888715
75% Corpus,20,symmetric,0.31,0.414698411325283,0.414698411325283
75% Corpus,20,symmetric,0.61,0.42077428409763107,0.42077428409763107
75% Corpus,20,symmetric,0.9099999999999999,0.4156406071124209,0.4156406071124209
75% Corpus,20,symmetric,symmetric,0.4369121496119154,0.4369121496119154
75% Corpus,20,asymmetric,0.01,0.43400990626395836,0.43400990626395836
75% Corpus,20,asymmetric,0.31,0.40574045533024555,0.40574045533024555
75% Corpus,20,asymmetric,0.61,0.40718548906862695,0.40718548906862695
75% Corpus,20,asymmetric,0.9099999999999999,0.4027527835471765,0.4027527835471765
75% Corpus,20,asymmetric,symmetric,0.4236006407278109,0.4236006407278109
75% Corpus,21,0.01,0.01,0.5652658401564505,0.5652658401564505
75% Corpus,21,0.01,0.31,0.4241391307246521,0.4241391307246521
75% Corpus,21,0.01,0.61,0.41638347402957365,0.41638347402957365
75% Corpus,21,0.01,0.9099999999999999,0.4009993302020943,0.4009993302020943
75% Corpus,21,0.01,symmetric,0.5074095020984254,0.5074095020984254
75% Corpus,21,0.31,0.01,0.6135654913726375,0.6135654913726375
75% Corpus,21,0.31,0.31,0.5497181849967342,0.5497181849967342
75% Corpus,21,0.31,0.61,0.4996008048580179,0.4996008048580179
75% Corpus,21,0.31,0.9099999999999999,0.4858093605505123,0.4858093605505123
75% Corpus,21,0.31,symmetric,0.6076342543402631,0.6076342543402631
75% Corpus,21,0.61,0.01,0.6936112394255248,0.6936112394255248
75% Corpus,21,0.61,0.31,0.42721475392478936,0.42721475392478936
75% Corpus,21,0.61,0.61,0.692350452391735,0.692350452391735
75% Corpus,21,0.61,0.9099999999999999,0.7056931535490119,0.7056931535490119
75% Corpus,21,0.61,symmetric,0.6256116444655495,0.6256116444655495
75% Corpus,21,0.9099999999999999,0.01,0.7419892608318296,0.7419892608318296
75% Corpus,21,0.9099999999999999,0.31,0.692806088040287,0.692806088040287
75% Corpus,21,0.9099999999999999,0.61,0.7079633685866241,0.7079633685866241
75% Corpus,21,0.9099999999999999,0.9099999999999999,0.707512139891573,0.707512139891573
75% Corpus,21,0.9099999999999999,symmetric,0.7110488237184486,0.7110488237184486
75% Corpus,21,symmetric,0.01,0.4380446413375389,0.4380446413375389
75% Corpus,21,symmetric,0.31,0.3990549535953359,0.3990549535953359
75% Corpus,21,symmetric,0.61,0.3845319855228724,0.3845319855228724
75% Corpus,21,symmetric,0.9099999999999999,0.385902934912863,0.385902934912863
75% Corpus,21,symmetric,symmetric,0.41109655966078357,0.41109655966078357
75% Corpus,21,asymmetric,0.01,0.4258225639268725,0.4258225639268725
75% Corpus,21,asymmetric,0.31,0.4006698812914361,0.4006698812914361
75% Corpus,21,asymmetric,0.61,0.3995641762942448,0.3995641762942448
75% Corpus,21,asymmetric,0.9099999999999999,0.3984654399926921,0.3984654399926921
75% Corpus,21,asymmetric,symmetric,0.4091364203330212,0.4091364203330212
75% Corpus,22,0.01,0.01,0.5492588136207635,0.5492588136207635
75% Corpus,22,0.01,0.31,0.42513752638290314,0.42513752638290314
75% Corpus,22,0.01,0.61,0.4217271493091283,0.4217271493091283
75% Corpus,22,0.01,0.9099999999999999,0.41802560131793703,0.41802560131793703
75% Corpus,22,0.01,symmetric,0.5086830144216804,0.5086830144216804
75% Corpus,22,0.31,0.01,0.6095666250588442,0.6095666250588442
75% Corpus,22,0.31,0.31,0.5469337863933785,0.5469337863933785
75% Corpus,22,0.31,0.61,0.49106798707856464,0.49106798707856464
75% Corpus,22,0.31,0.9099999999999999,0.48086307685515395,0.48086307685515395
75% Corpus,22,0.31,symmetric,0.6118777322912883,0.6118777322912883
75% Corpus,22,0.61,0.01,0.7017924763934396,0.7017924763934396
75% Corpus,22,0.61,0.31,0.41379224547541926,0.41379224547541926
75% Corpus,22,0.61,0.61,0.6963135321664747,0.6963135321664747
75% Corpus,22,0.61,0.9099999999999999,0.7058501519043762,0.7058501519043762
75% Corpus,22,0.61,symmetric,0.6208306556367469,0.6208306556367469
75% Corpus,22,0.9099999999999999,0.01,0.7442208849050477,0.7442208849050477
75% Corpus,22,0.9099999999999999,0.31,0.6962770947602793,0.6962770947602793
75% Corpus,22,0.9099999999999999,0.61,0.7075118033352662,0.7075118033352662
75% Corpus,22,0.9099999999999999,0.9099999999999999,0.7071820356540207,0.7071820356540207
75% Corpus,22,0.9099999999999999,symmetric,0.7127532373509546,0.7127532373509546
75% Corpus,22,symmetric,0.01,0.426349676698484,0.426349676698484
75% Corpus,22,symmetric,0.31,0.3987731309268902,0.3987731309268902
75% Corpus,22,symmetric,0.61,0.3951157068890692,0.3951157068890692
75% Corpus,22,symmetric,0.9099999999999999,0.40033778327874486,0.40033778327874486
75% Corpus,22,symmetric,symmetric,0.4098798548137379,0.4098798548137379
75% Corpus,22,asymmetric,0.01,0.43061894672453055,0.43061894672453055
75% Corpus,22,asymmetric,0.31,0.3992234702366698,0.3992234702366698
75% Corpus,22,asymmetric,0.61,0.40277597145826965,0.40277597145826965
75% Corpus,22,asymmetric,0.9099999999999999,0.3995481502225415,0.3995481502225415
75% Corpus,22,asymmetric,symmetric,0.41404317783785927,0.41404317783785927
75% Corpus,23,0.01,0.01,0.5459568854935668,0.5459568854935668
75% Corpus,23,0.01,0.31,0.43191768667500496,0.43191768667500496
75% Corpus,23,0.01,0.61,0.41703501170755547,0.41703501170755547
75% Corpus,23,0.01,0.9099999999999999,0.41314071914905953,0.41314071914905953
75% Corpus,23,0.01,symmetric,0.5050820290554674,0.5050820290554674
75% Corpus,23,0.31,0.01,0.5795930866662633,0.5795930866662633
75% Corpus,23,0.31,0.31,0.5234990944878865,0.5234990944878865
75% Corpus,23,0.31,0.61,0.48999501386242367,0.48999501386242367
75% Corpus,23,0.31,0.9099999999999999,0.4764158633139694,0.4764158633139694
75% Corpus,23,0.31,symmetric,0.5868600561848882,0.5868600561848882
75% Corpus,23,0.61,0.01,0.7106926428992041,0.7106926428992041
75% Corpus,23,0.61,0.31,0.4488390154578131,0.4488390154578131
75% Corpus,23,0.61,0.61,0.7016074189255224,0.7016074189255224
75% Corpus,23,0.61,0.9099999999999999,0.7068405314921447,0.7068405314921447
75% Corpus,23,0.61,symmetric,0.6171987110589481,0.6171987110589481
75% Corpus,23,0.9099999999999999,0.01,0.7458115461589382,0.7458115461589382
75% Corpus,23,0.9099999999999999,0.31,0.6948628395886476,0.6948628395886476
75% Corpus,23,0.9099999999999999,0.61,0.7081083270182337,0.7081083270182337
75% Corpus,23,0.9099999999999999,0.9099999999999999,0.7072674739893688,0.7072674739893688
75% Corpus,23,0.9099999999999999,symmetric,0.7140378860222326,0.7140378860222326
75% Corpus,23,symmetric,0.01,0.44158480254562127,0.44158480254562127
75% Corpus,23,symmetric,0.31,0.41199968950440435,0.41199968950440435
75% Corpus,23,symmetric,0.61,0.4078729814830893,0.4078729814830893
75% Corpus,23,symmetric,0.9099999999999999,0.4017489914909772,0.4017489914909772
75% Corpus,23,symmetric,symmetric,0.4144306977475368,0.4144306977475368
75% Corpus,23,asymmetric,0.01,0.39918069081276936,0.39918069081276936
75% Corpus,23,asymmetric,0.31,0.3845747128909961,0.3845747128909961
75% Corpus,23,asymmetric,0.61,0.38560534341508906,0.38560534341508906
75% Corpus,23,asymmetric,0.9099999999999999,0.38276668352636994,0.38276668352636994
75% Corpus,23,asymmetric,symmetric,0.3916469530009131,0.3916469530009131
75% Corpus,24,0.01,0.01,0.5377349913944504,0.5377349913944504
75% Corpus,24,0.01,0.31,0.4331165797146956,0.4331165797146956
75% Corpus,24,0.01,0.61,0.42252359225664415,0.42252359225664415
75% Corpus,24,0.01,0.9099999999999999,0.4129443130437404,0.4129443130437404
75% Corpus,24,0.01,symmetric,0.5088264889519819,0.5088264889519819
75% Corpus,24,0.31,0.01,0.5811620759567475,0.5811620759567475
75% Corpus,24,0.31,0.31,0.5263989810361824,0.5263989810361824
75% Corpus,24,0.31,0.61,0.4659538186067523,0.4659538186067523
75% Corpus,24,0.31,0.9099999999999999,0.46289748102102396,0.46289748102102396
75% Corpus,24,0.31,symmetric,0.5840948029939067,0.5840948029939067
75% Corpus,24,0.61,0.01,0.7196188433462479,0.7196188433462479
75% Corpus,24,0.61,0.31,0.4592300152082516,0.4592300152082516
75% Corpus,24,0.61,0.61,0.7068923604419441,0.7068923604419441
75% Corpus,24,0.61,0.9099999999999999,0.7071319599159712,0.7071319599159712
75% Corpus,24,0.61,symmetric,0.6087327789870832,0.6087327789870832
75% Corpus,24,0.9099999999999999,0.01,0.7473282932199415,0.7473282932199415
75% Corpus,24,0.9099999999999999,0.31,0.6974048121245646,0.6974048121245646
75% Corpus,24,0.9099999999999999,0.61,0.7078434001836195,0.7078434001836195
75% Corpus,24,0.9099999999999999,0.9099999999999999,0.7075411131424777,0.7075411131424777
75% Corpus,24,0.9099999999999999,symmetric,0.7230763921098307,0.7230763921098307
75% Corpus,24,symmetric,0.01,0.43434851421230186,0.43434851421230186
75% Corpus,24,symmetric,0.31,0.41143848650481624,0.41143848650481624
75% Corpus,24,symmetric,0.61,0.41368834320462167,0.41368834320462167
75% Corpus,24,symmetric,0.9099999999999999,0.4122670733801895,0.4122670733801895
75% Corpus,24,symmetric,symmetric,0.41608809393858565,0.41608809393858565
75% Corpus,24,asymmetric,0.01,0.4198490407358419,0.4198490407358419
75% Corpus,24,asymmetric,0.31,0.394597362166144,0.394597362166144
75% Corpus,24,asymmetric,0.61,0.394040044054659,0.394040044054659
75% Corpus,24,asymmetric,0.9099999999999999,0.3936859935568675,0.3936859935568675
75% Corpus,24,asymmetric,symmetric,0.40634980947499205,0.40634980947499205
100% Corpus,5,0.01,0.01,0.7062932068063553,0.7062932068063553
100% Corpus,5,0.01,0.31,0.7037466866113502,0.7037466866113502
100% Corpus,5,0.01,0.61,0.6986630741008544,0.6986630741008544
100% Corpus,5,0.01,0.9099999999999999,0.6973482201066816,0.6973482201066816
100% Corpus,5,0.01,symmetric,0.7039325694137484,0.7039325694137484
100% Corpus,5,0.31,0.01,0.7029846350855948,0.7029846350855948
100% Corpus,5,0.31,0.31,0.7060436326637047,0.7060436326637047
100% Corpus,5,0.31,0.61,0.7147558000993969,0.7147558000993969
100% Corpus,5,0.31,0.9099999999999999,0.7017517970648055,0.7017517970648055
100% Corpus,5,0.31,symmetric,0.7042110493881659,0.7042110493881659
100% Corpus,5,0.61,0.01,0.7215164123574358,0.7215164123574358
100% Corpus,5,0.61,0.31,0.7010701396794687,0.7010701396794687
100% Corpus,5,0.61,0.61,0.6880386022899984,0.6880386022899984
100% Corpus,5,0.61,0.9099999999999999,0.6811300011172705,0.6811300011172705
100% Corpus,5,0.61,symmetric,0.7164573512137787,0.7164573512137787
100% Corpus,5,0.9099999999999999,0.01,0.7074701413537874,0.7074701413537874
100% Corpus,5,0.9099999999999999,0.31,0.7034719316806797,0.7034719316806797
100% Corpus,5,0.9099999999999999,0.61,0.6784029318234188,0.6784029318234188
100% Corpus,5,0.9099999999999999,0.9099999999999999,0.6339574309771651,0.6339574309771651
100% Corpus,5,0.9099999999999999,symmetric,0.7117637064755463,0.7117637064755463
100% Corpus,5,symmetric,0.01,0.7171422371256737,0.7171422371256737
100% Corpus,5,symmetric,0.31,0.7171422371256736,0.7171422371256736
100% Corpus,5,symmetric,0.61,0.7137486724571795,0.7137486724571795
100% Corpus,5,symmetric,0.9099999999999999,0.7105231752503035,0.7105231752503035
100% Corpus,5,symmetric,symmetric,0.7171422371256736,0.7171422371256736
100% Corpus,5,asymmetric,0.01,0.650841786224807,0.650841786224807
100% Corpus,5,asymmetric,0.31,0.6210474019914181,0.6210474019914181
100% Corpus,5,asymmetric,0.61,0.610923413694018,0.610923413694018
100% Corpus,5,asymmetric,0.9099999999999999,0.6013933111754373,0.6013933111754373
100% Corpus,5,asymmetric,symmetric,0.6520880196090063,0.6520880196090063
100% Corpus,6,0.01,0.01,0.7145931630330254,0.7145931630330254
100% Corpus,6,0.01,0.31,0.7130642390339555,0.7130642390339555
100% Corpus,6,0.01,0.61,0.7124273331704148,0.7124273331704148
100% Corpus,6,0.01,0.9099999999999999,0.7110543414178747,0.7110543414178747
100% Corpus,6,0.01,symmetric,0.7169213636329858,0.7169213636329858
100% Corpus,6,0.31,0.01,0.7020772894494064,0.7020772894494064
100% Corpus,6,0.31,0.31,0.7092596504918051,0.7092596504918051
100% Corpus,6,0.31,0.61,0.708110127251945,0.708110127251945
100% Corpus,6,0.31,0.9099999999999999,0.706731447970257,0.706731447970257
100% Corpus,6,0.31,symmetric,0.7057965876913155,0.7057965876913155
100% Corpus,6,0.61,0.01,0.7024490050882637,0.7024490050882637
100% Corpus,6,0.61,0.31,0.6913569682185939,0.6913569682185939
100% Corpus,6,0.61,0.61,0.6863337968213351,0.6863337968213351
100% Corpus,6,0.61,0.9099999999999999,0.6705232829260681,0.6705232829260681
100% Corpus,6,0.61,symmetric,0.6910287065877577,0.6910287065877577
100% Corpus,6,0.9099999999999999,0.01,0.7082687273670832,0.7082687273670832
100% Corpus,6,0.9099999999999999,0.31,0.6876283897757972,0.6876283897757972
100% Corpus,6,0.9099999999999999,0.61,0.6644187565718003,0.6644187565718003
100% Corpus,6,0.9099999999999999,0.9099999999999999,0.6542022114502463,0.6542022114502463
100% Corpus,6,0.9099999999999999,symmetric,0.6947355035162802,0.6947355035162802
100% Corpus,6,symmetric,0.01,0.7190075818457867,0.7190075818457867
100% Corpus,6,symmetric,0.31,0.714659018807935,0.714659018807935
100% Corpus,6,symmetric,0.61,0.7126869606316699,0.7126869606316699
100% Corpus,6,symmetric,0.9099999999999999,0.7037652578659617,0.7037652578659617
100% Corpus,6,symmetric,symmetric,0.7200342125380256,0.7200342125380256
100% Corpus,6,asymmetric,0.01,0.6676373074705558,0.6676373074705558
100% Corpus,6,asymmetric,0.31,0.5643306796773474,0.5643306796773474
100% Corpus,6,asymmetric,0.61,0.5581892753825811,0.5581892753825811
100% Corpus,6,asymmetric,0.9099999999999999,0.550008535017951,0.550008535017951
100% Corpus,6,asymmetric,symmetric,0.5829219108686374,0.5829219108686374
100% Corpus,7,0.01,0.01,0.7094569345995347,0.7094569345995347
100% Corpus,7,0.01,0.31,0.7109098565354701,0.7109098565354701
100% Corpus,7,0.01,0.61,0.7092058430413882,0.7092058430413882
100% Corpus,7,0.01,0.9099999999999999,0.7078979591341464,0.7078979591341464
100% Corpus,7,0.01,symmetric,0.7082330619345341,0.7082330619345341
100% Corpus,7,0.31,0.01,0.710057223411774,0.710057223411774
100% Corpus,7,0.31,0.31,0.7260657369428482,0.7260657369428482
100% Corpus,7,0.31,0.61,0.7116309740078419,0.7116309740078419
100% Corpus,7,0.31,0.9099999999999999,0.711640425372426,0.711640425372426
100% Corpus,7,0.31,symmetric,0.7232826282149237,0.7232826282149237
100% Corpus,7,0.61,0.01,0.7044482759176842,0.7044482759176842
100% Corpus,7,0.61,0.31,0.6832784346282142,0.6832784346282142
100% Corpus,7,0.61,0.61,0.6866583160430766,0.6866583160430766
100% Corpus,7,0.61,0.9099999999999999,0.6543190969145617,0.6543190969145617
100% Corpus,7,0.61,symmetric,0.6921246705200615,0.6921246705200615
100% Corpus,7,0.9099999999999999,0.01,0.7175133691848635,0.7175133691848635
100% Corpus,7,0.9099999999999999,0.31,0.6868601489353071,0.6868601489353071
100% Corpus,7,0.9099999999999999,0.61,0.6456315182322767,0.6456315182322767
100% Corpus,7,0.9099999999999999,0.9099999999999999,0.687572454958873,0.687572454958873
100% Corpus,7,0.9099999999999999,symmetric,0.7133372612121265,0.7133372612121265
100% Corpus,7,symmetric,0.01,0.719758750032444,0.719758750032444
100% Corpus,7,symmetric,0.31,0.7252884234423993,0.7252884234423993
100% Corpus,7,symmetric,0.61,0.7209878959253718,0.7209878959253718
100% Corpus,7,symmetric,0.9099999999999999,0.7140737161932699,0.7140737161932699
100% Corpus,7,symmetric,symmetric,0.719758750032444,0.719758750032444
100% Corpus,7,asymmetric,0.01,0.6212258522254391,0.6212258522254391
100% Corpus,7,asymmetric,0.31,0.5390449451206555,0.5390449451206555
100% Corpus,7,asymmetric,0.61,0.5428514609394718,0.5428514609394718
100% Corpus,7,asymmetric,0.9099999999999999,0.5388388966697003,0.5388388966697003
100% Corpus,7,asymmetric,symmetric,0.5692316366093962,0.5692316366093962
100% Corpus,8,0.01,0.01,0.7132003956190314,0.7132003956190314
100% Corpus,8,0.01,0.31,0.7128770660544312,0.7128770660544312
100% Corpus,8,0.01,0.61,0.7082746138408078,0.7082746138408078
100% Corpus,8,0.01,0.9099999999999999,0.7092821226803873,0.7092821226803873
100% Corpus,8,0.01,symmetric,0.7104792047994427,0.7104792047994427
100% Corpus,8,0.31,0.01,0.7063726982636794,0.7063726982636794
100% Corpus,8,0.31,0.31,0.711546168101679,0.711546168101679
100% Corpus,8,0.31,0.61,0.7040160328241856,0.7040160328241856
100% Corpus,8,0.31,0.9099999999999999,0.6935589186937465,0.6935589186937465
100% Corpus,8,0.31,symmetric,0.7148937733693297,0.7148937733693297
100% Corpus,8,0.61,0.01,0.7064006986169069,0.7064006986169069
100% Corpus,8,0.61,0.31,0.6886552323716877,0.6886552323716877
100% Corpus,8,0.61,0.61,0.6411829794715327,0.6411829794715327
100% Corpus,8,0.61,0.9099999999999999,0.6190854882906651,0.6190854882906651
100% Corpus,8,0.61,symmetric,0.6968294328463884,0.6968294328463884
100% Corpus,8,0.9099999999999999,0.01,0.7055461097557101,0.7055461097557101
100% Corpus,8,0.9099999999999999,0.31,0.6802748482004846,0.6802748482004846
100% Corpus,8,0.9099999999999999,0.61,0.6433767976804285,0.6433767976804285
100% Corpus,8,0.9099999999999999,0.9099999999999999,0.6957600663210408,0.6957600663210408
100% Corpus,8,0.9099999999999999,symmetric,0.6915216944987777,0.6915216944987777
100% Corpus,8,symmetric,0.01,0.7039720689721739,0.7039720689721739
100% Corpus,8,symmetric,0.31,0.7090802716427935,0.7090802716427935
100% Corpus,8,symmetric,0.61,0.7051885779471841,0.7051885779471841
100% Corpus,8,symmetric,0.9099999999999999,0.68991216837357,0.68991216837357
100% Corpus,8,symmetric,symmetric,0.7078776246731071,0.7078776246731071
100% Corpus,8,asymmetric,0.01,0.6114497726603647,0.6114497726603647
100% Corpus,8,asymmetric,0.31,0.5353380146971549,0.5353380146971549
100% Corpus,8,asymmetric,0.61,0.5043493561524901,0.5043493561524901
100% Corpus,8,asymmetric,0.9099999999999999,0.49899436726528856,0.49899436726528856
100% Corpus,8,asymmetric,symmetric,0.5659376421308081,0.5659376421308081
100% Corpus,9,0.01,0.01,0.7094732200192012,0.7094732200192012
100% Corpus,9,0.01,0.31,0.7101016616662886,0.7101016616662886
100% Corpus,9,0.01,0.61,0.7053214251775446,0.7053214251775446
100% Corpus,9,0.01,0.9099999999999999,0.7035561347548702,0.7035561347548702
100% Corpus,9,0.01,symmetric,0.7125071771429714,0.7125071771429714
100% Corpus,9,0.31,0.01,0.7033738387925044,0.7033738387925044
100% Corpus,9,0.31,0.31,0.6981673163201373,0.6981673163201373
100% Corpus,9,0.31,0.61,0.6943773510881895,0.6943773510881895
100% Corpus,9,0.31,0.9099999999999999,0.6926361741159167,0.6926361741159167
100% Corpus,9,0.31,symmetric,0.7005100727526178,0.7005100727526178
100% Corpus,9,0.61,0.01,0.6907326711184137,0.6907326711184137
100% Corpus,9,0.61,0.31,0.6682023206004064,0.6682023206004064
100% Corpus,9,0.61,0.61,0.6363028124172161,0.6363028124172161
100% Corpus,9,0.61,0.9099999999999999,0.6093910383245092,0.6093910383245092
100% Corpus,9,0.61,symmetric,0.6926693428486149,0.6926693428486149
100% Corpus,9,0.9099999999999999,0.01,0.7198377207426544,0.7198377207426544
100% Corpus,9,0.9099999999999999,0.31,0.6568606098674541,0.6568606098674541
100% Corpus,9,0.9099999999999999,0.61,0.6706099848546949,0.6706099848546949
100% Corpus,9,0.9099999999999999,0.9099999999999999,0.7095556008803112,0.7095556008803112
100% Corpus,9,0.9099999999999999,symmetric,0.7001529033326422,0.7001529033326422
100% Corpus,9,symmetric,0.01,0.7245642270290531,0.7245642270290531
100% Corpus,9,symmetric,0.31,0.7226794487660122,0.7226794487660122
100% Corpus,9,symmetric,0.61,0.7155117866837032,0.7155117866837032
100% Corpus,9,symmetric,0.9099999999999999,0.709358305499286,0.709358305499286
100% Corpus,9,symmetric,symmetric,0.7221362013610836,0.7221362013610836
100% Corpus,9,asymmetric,0.01,0.5900198129999251,0.5900198129999251
100% Corpus,9,asymmetric,0.31,0.5213737099165874,0.5213737099165874
100% Corpus,9,asymmetric,0.61,0.500497604473024,0.500497604473024
100% Corpus,9,asymmetric,0.9099999999999999,0.5015378810281026,0.5015378810281026
100% Corpus,9,asymmetric,symmetric,0.5487114537911397,0.5487114537911397
100% Corpus,10,0.01,0.01,0.6954149161618741,0.6954149161618741
100% Corpus,10,0.01,0.31,0.6880916445456959,0.6880916445456959
100% Corpus,10,0.01,0.61,0.6822945416474131,0.6822945416474131
100% Corpus,10,0.01,0.9099999999999999,0.6842640974767139,0.6842640974767139
100% Corpus,10,0.01,symmetric,0.694395357912548,0.694395357912548
100% Corpus,10,0.31,0.01,0.6952332603119621,0.6952332603119621
100% Corpus,10,0.31,0.31,0.6934423036487432,0.6934423036487432
100% Corpus,10,0.31,0.61,0.6932528311092441,0.6932528311092441
100% Corpus,10,0.31,0.9099999999999999,0.6903962577867688,0.6903962577867688
100% Corpus,10,0.31,symmetric,0.695370090715749,0.695370090715749
100% Corpus,10,0.61,0.01,0.6951215841781919,0.6951215841781919
100% Corpus,10,0.61,0.31,0.6704766823753405,0.6704766823753405
100% Corpus,10,0.61,0.61,0.6198072656379103,0.6198072656379103
100% Corpus,10,0.61,0.9099999999999999,0.5383381240898124,0.5383381240898124
100% Corpus,10,0.61,symmetric,0.6866182404373893,0.6866182404373893
100% Corpus,10,0.9099999999999999,0.01,0.705266199941576,0.705266199941576
100% Corpus,10,0.9099999999999999,0.31,0.647138495390011,0.647138495390011
100% Corpus,10,0.9099999999999999,0.61,0.6924341146995596,0.6924341146995596
100% Corpus,10,0.9099999999999999,0.9099999999999999,0.7114468317590357,0.7114468317590357
100% Corpus,10,0.9099999999999999,symmetric,0.6966297957951018,0.6966297957951018
100% Corpus,10,symmetric,0.01,0.6863488074134079,0.6863488074134079
100% Corpus,10,symmetric,0.31,0.6841516894060912,0.6841516894060912
100% Corpus,10,symmetric,0.61,0.6737619883134621,0.6737619883134621
100% Corpus,10,symmetric,0.9099999999999999,0.6738269466658272,0.6738269466658272
100% Corpus,10,symmetric,symmetric,0.6853580356801665,0.6853580356801665
100% Corpus,10,asymmetric,0.01,0.5657965614667093,0.5657965614667093
100% Corpus,10,asymmetric,0.31,0.5228430271954598,0.5228430271954598
100% Corpus,10,asymmetric,0.61,0.5184341236666492,0.5184341236666492
100% Corpus,10,asymmetric,0.9099999999999999,0.5039815634861265,0.5039815634861265
100% Corpus,10,asymmetric,symmetric,0.5423750538655788,0.5423750538655788
100% Corpus,11,0.01,0.01,0.7011185372654841,0.7011185372654841
100% Corpus,11,0.01,0.31,0.7012291941744223,0.7012291941744223
100% Corpus,11,0.01,0.61,0.6935937589484538,0.6935937589484538
100% Corpus,11,0.01,0.9099999999999999,0.6937670617750772,0.6937670617750772
100% Corpus,11,0.01,symmetric,0.70407917179028,0.70407917179028
100% Corpus,11,0.31,0.01,0.6995992205642823,0.6995992205642823
100% Corpus,11,0.31,0.31,0.6980698376338289,0.6980698376338289
100% Corpus,11,0.31,0.61,0.6867019321621529,0.6867019321621529
100% Corpus,11,0.31,0.9099999999999999,0.6779861954477,0.6779861954477
100% Corpus,11,0.31,symmetric,0.7022931778466871,0.7022931778466871
100% Corpus,11,0.61,0.01,0.6947727123688975,0.6947727123688975
100% Corpus,11,0.61,0.31,0.6649229047253663,0.6649229047253663
100% Corpus,11,0.61,0.61,0.5995914075140818,0.5995914075140818
100% Corpus,11,0.61,0.9099999999999999,0.5240970666316641,0.5240970666316641
100% Corpus,11,0.61,symmetric,0.6921255419348724,0.6921255419348724
100% Corpus,11,0.9099999999999999,0.01,0.7107661697061345,0.7107661697061345
100% Corpus,11,0.9099999999999999,0.31,0.645377131711254,0.645377131711254
100% Corpus,11,0.9099999999999999,0.61,0.6988997378969029,0.6988997378969029
100% Corpus,11,0.9099999999999999,0.9099999999999999,0.715948057440678,0.715948057440678
100% Corpus,11,0.9099999999999999,symmetric,0.6969518907852359,0.6969518907852359
100% Corpus,11,symmetric,0.01,0.6892438428420501,0.6892438428420501
100% Corpus,11,symmetric,0.31,0.6789021826349511,0.6789021826349511
100% Corpus,11,symmetric,0.61,0.6784991508506505,0.6784991508506505
100% Corpus,11,symmetric,0.9099999999999999,0.6777441142045684,0.6777441142045684
100% Corpus,11,symmetric,symmetric,0.6858312252084533,0.6858312252084533
100% Corpus,11,asymmetric,0.01,0.5696168440816608,0.5696168440816608
100% Corpus,11,asymmetric,0.31,0.4975858600273666,0.4975858600273666
100% Corpus,11,asymmetric,0.61,0.4840755297100177,0.4840755297100177
100% Corpus,11,asymmetric,0.9099999999999999,0.4715163224459918,0.4715163224459918
100% Corpus,11,asymmetric,symmetric,0.5126388831724635,0.5126388831724635
100% Corpus,12,0.01,0.01,0.6748479845032233,0.6748479845032233
100% Corpus,12,0.01,0.31,0.6691215395593665,0.6691215395593665
100% Corpus,12,0.01,0.61,0.6613785173152289,0.6613785173152289
100% Corpus,12,0.01,0.9099999999999999,0.6625490966752624,0.6625490966752624
100% Corpus,12,0.01,symmetric,0.6742380399120206,0.6742380399120206
100% Corpus,12,0.31,0.01,0.7058923163206866,0.7058923163206866
100% Corpus,12,0.31,0.31,0.7065558429308422,0.7065558429308422
100% Corpus,12,0.31,0.61,0.7008184130763695,0.7008184130763695
100% Corpus,12,0.31,0.9099999999999999,0.6949355895396329,0.6949355895396329
100% Corpus,12,0.31,symmetric,0.7092407601396428,0.7092407601396428
100% Corpus,12,0.61,0.01,0.6812413583398732,0.6812413583398732
100% Corpus,12,0.61,0.31,0.6551276940247787,0.6551276940247787
100% Corpus,12,0.61,0.61,0.5588732789411749,0.5588732789411749
100% Corpus,12,0.61,0.9099999999999999,0.5634551295878564,0.5634551295878564
100% Corpus,12,0.61,symmetric,0.6908056171628029,0.6908056171628029
100% Corpus,12,0.9099999999999999,0.01,0.7018551484262825,0.7018551484262825
100% Corpus,12,0.9099999999999999,0.31,0.6224640587098186,0.6224640587098186
100% Corpus,12,0.9099999999999999,0.61,0.7016474797196804,0.7016474797196804
100% Corpus,12,0.9099999999999999,0.9099999999999999,0.7141968494967497,0.7141968494967497
100% Corpus,12,0.9099999999999999,symmetric,0.6980875235984757,0.6980875235984757
100% Corpus,12,symmetric,0.01,0.6632079769425738,0.6632079769425738
100% Corpus,12,symmetric,0.31,0.640812749626004,0.640812749626004
100% Corpus,12,symmetric,0.61,0.640812749626004,0.640812749626004
100% Corpus,12,symmetric,0.9099999999999999,0.641429207216715,0.641429207216715
100% Corpus,12,symmetric,symmetric,0.644618829620096,0.644618829620096
100% Corpus,12,asymmetric,0.01,0.5480218870222862,0.5480218870222862
100% Corpus,12,asymmetric,0.31,0.47788115254775737,0.47788115254775737
100% Corpus,12,asymmetric,0.61,0.45705468249760456,0.45705468249760456
100% Corpus,12,asymmetric,0.9099999999999999,0.4446508991971536,0.4446508991971536
100% Corpus,12,asymmetric,symmetric,0.4942255585060209,0.4942255585060209
100% Corpus,13,0.01,0.01,0.663822963773881,0.663822963773881
100% Corpus,13,0.01,0.31,0.6444347066552827,0.6444347066552827
100% Corpus,13,0.01,0.61,0.6391932200767821,0.6391932200767821
100% Corpus,13,0.01,0.9099999999999999,0.6405563739925335,0.6405563739925335
100% Corpus,13,0.01,symmetric,0.6622027190325509,0.6622027190325509
100% Corpus,13,0.31,0.01,0.6770051457134187,0.6770051457134187
100% Corpus,13,0.31,0.31,0.6807610134017121,0.6807610134017121
100% Corpus,13,0.31,0.61,0.675168956661628,0.675168956661628
100% Corpus,13,0.31,0.9099999999999999,0.6765035781308287,0.6765035781308287
100% Corpus,13,0.31,symmetric,0.683377010351032,0.683377010351032
100% Corpus,13,0.61,0.01,0.6763062709777178,0.6763062709777178
100% Corpus,13,0.61,0.31,0.6525892993490844,0.6525892993490844
100% Corpus,13,0.61,0.61,0.5045358807044339,0.5045358807044339
100% Corpus,13,0.61,0.9099999999999999,0.6568988763591358,0.6568988763591358
100% Corpus,13,0.61,symmetric,0.6899945256272075,0.6899945256272075
100% Corpus,13,0.9099999999999999,0.01,0.6928965020416273,0.6928965020416273
100% Corpus,13,0.9099999999999999,0.31,0.6247536287860621,0.6247536287860621
100% Corpus,13,0.9099999999999999,0.61,0.7119541430448716,0.7119541430448716
100% Corpus,13,0.9099999999999999,0.9099999999999999,0.7160074947237813,0.7160074947237813
100% Corpus,13,0.9099999999999999,symmetric,0.6894445507747449,0.6894445507747449
100% Corpus,13,symmetric,0.01,0.618110152571347,0.618110152571347
100% Corpus,13,symmetric,0.31,0.6143282019942123,0.6143282019942123
100% Corpus,13,symmetric,0.61,0.6150185401669745,0.6150185401669745
100% Corpus,13,symmetric,0.9099999999999999,0.6155908793166451,0.6155908793166451
100% Corpus,13,symmetric,symmetric,0.609731890041444,0.609731890041444
100% Corpus,13,asymmetric,0.01,0.5119895916833747,0.5119895916833747
100% Corpus,13,asymmetric,0.31,0.4727088524676931,0.4727088524676931
100% Corpus,13,asymmetric,0.61,0.463842599621841,0.463842599621841
100% Corpus,13,asymmetric,0.9099999999999999,0.45447622323857007,0.45447622323857007
100% Corpus,13,asymmetric,symmetric,0.4840397630163223,0.4840397630163223
100% Corpus,14,0.01,0.01,0.6535055457709459,0.6535055457709459
100% Corpus,14,0.01,0.31,0.6125148842385651,0.6125148842385651
100% Corpus,14,0.01,0.61,0.600176337368798,0.600176337368798
100% Corpus,14,0.01,0.9099999999999999,0.5977494682697877,0.5977494682697877
100% Corpus,14,0.01,symmetric,0.6465367636720413,0.6465367636720413
100% Corpus,14,0.31,0.01,0.6810831992924535,0.6810831992924535
100% Corpus,14,0.31,0.31,0.686967032771431,0.686967032771431
100% Corpus,14,0.31,0.61,0.6832809260947672,0.6832809260947672
100% Corpus,14,0.31,0.9099999999999999,0.6664379075969099,0.6664379075969099
100% Corpus,14,0.31,symmetric,0.6771564297230054,0.6771564297230054
100% Corpus,14,0.61,0.01,0.678516009126125,0.678516009126125
100% Corpus,14,0.61,0.31,0.6369802382793115,0.6369802382793115
100% Corpus,14,0.61,0.61,0.4933173592686946,0.4933173592686946
100% Corpus,14,0.61,0.9099999999999999,0.6974214042330856,0.6974214042330856
100% Corpus,14,0.61,symmetric,0.6796647697475551,0.6796647697475551
100% Corpus,14,0.9099999999999999,0.01,0.6987933501319036,0.6987933501319036
100% Corpus,14,0.9099999999999999,0.31,0.6026190283150638,0.6026190283150638
100% Corpus,14,0.9099999999999999,0.61,0.7142749874601563,0.7142749874601563
100% Corpus,14,0.9099999999999999,0.9099999999999999,0.7187840057013899,0.7187840057013899
100% Corpus,14,0.9099999999999999,symmetric,0.6910887880104849,0.6910887880104849
100% Corpus,14,symmetric,0.01,0.6049290704971538,0.6049290704971538
100% Corpus,14,symmetric,0.31,0.5894718362529636,0.5894718362529636
100% Corpus,14,symmetric,0.61,0.5921335240815806,0.5921335240815806
100% Corpus,14,symmetric,0.9099999999999999,0.5920473811176856,0.5920473811176856
100% Corpus,14,symmetric,symmetric,0.600232639813917,0.600232639813917
100% Corpus,14,asymmetric,0.01,0.5140986219294719,0.5140986219294719
100% Corpus,14,asymmetric,0.31,0.46152234300998624,0.46152234300998624
100% Corpus,14,asymmetric,0.61,0.4586585196640934,0.4586585196640934
100% Corpus,14,asymmetric,0.9099999999999999,0.44971356223938425,0.44971356223938425
100% Corpus,14,asymmetric,symmetric,0.4669860445738691,0.4669860445738691
100% Corpus,15,0.01,0.01,0.6548249655340868,0.6548249655340868
100% Corpus,15,0.01,0.31,0.6211034377603375,0.6211034377603375
100% Corpus,15,0.01,0.61,0.6181563127146065,0.6181563127146065
100% Corpus,15,0.01,0.9099999999999999,0.6149536455785148,0.6149536455785148
100% Corpus,15,0.01,symmetric,0.6391744383419038,0.6391744383419038
100% Corpus,15,0.31,0.01,0.6853251808524577,0.6853251808524577
100% Corpus,15,0.31,0.31,0.685955081642206,0.685955081642206
100% Corpus,15,0.31,0.61,0.6785530522238149,0.6785530522238149
100% Corpus,15,0.31,0.9099999999999999,0.6668458688210984,0.6668458688210984
100% Corpus,15,0.31,symmetric,0.6846474380416523,0.6846474380416523
100% Corpus,15,0.61,0.01,0.6721742082263802,0.6721742082263802
100% Corpus,15,0.61,0.31,0.6143015923095827,0.6143015923095827
100% Corpus,15,0.61,0.61,0.5168505030053177,0.5168505030053177
100% Corpus,15,0.61,0.9099999999999999,0.6961916607986305,0.6961916607986305
100% Corpus,15,0.61,symmetric,0.6766288649409792,0.6766288649409792
100% Corpus,15,0.9099999999999999,0.01,0.7113659145657331,0.7113659145657331
100% Corpus,15,0.9099999999999999,0.31,0.606848003584987,0.606848003584987
100% Corpus,15,0.9099999999999999,0.61,0.7137348415219159,0.7137348415219159
100% Corpus,15,0.9099999999999999,0.9099999999999999,0.7168873584984534,0.7168873584984534
100% Corpus,15,0.9099999999999999,symmetric,0.7014311872735687,0.7014311872735687
100% Corpus,15,symmetric,0.01,0.609444869917955,0.609444869917955
100% Corpus,15,symmetric,0.31,0.6088968918204727,0.6088968918204727
100% Corpus,15,symmetric,0.61,0.6120786749506382,0.6120786749506382
100% Corpus,15,symmetric,0.9099999999999999,0.611606769039472,0.611606769039472
100% Corpus,15,symmetric,symmetric,0.60975022413757,0.60975022413757
100% Corpus,15,asymmetric,0.01,0.4981006331104087,0.4981006331104087
100% Corpus,15,asymmetric,0.31,0.4875001772679558,0.4875001772679558
100% Corpus,15,asymmetric,0.61,0.4695818165236691,0.4695818165236691
100% Corpus,15,asymmetric,0.9099999999999999,0.46006545127247844,0.46006545127247844
100% Corpus,15,asymmetric,symmetric,0.4945211181157973,0.4945211181157973
100% Corpus,16,0.01,0.01,0.6320175470180751,0.6320175470180751
100% Corpus,16,0.01,0.31,0.5550329994357688,0.5550329994357688
100% Corpus,16,0.01,0.61,0.5478694870962748,0.5478694870962748
100% Corpus,16,0.01,0.9099999999999999,0.5439279926945014,0.5439279926945014
100% Corpus,16,0.01,symmetric,0.6005557178302691,0.6005557178302691
100% Corpus,16,0.31,0.01,0.6865037670534577,0.6865037670534577
100% Corpus,16,0.31,0.31,0.6825700758227522,0.6825700758227522
100% Corpus,16,0.31,0.61,0.6642998934433018,0.6642998934433018
100% Corpus,16,0.31,0.9099999999999999,0.642467838538441,0.642467838538441
100% Corpus,16,0.31,symmetric,0.6855079525858689,0.6855079525858689
100% Corpus,16,0.61,0.01,0.6722073603615739,0.6722073603615739
100% Corpus,16,0.61,0.31,0.6074797532366438,0.6074797532366438
100% Corpus,16,0.61,0.61,0.5618528407109268,0.5618528407109268
100% Corpus,16,0.61,0.9099999999999999,0.702580264517443,0.702580264517443
100% Corpus,16,0.61,symmetric,0.685602950870914,0.685602950870914
100% Corpus,16,0.9099999999999999,0.01,0.7162017274744643,0.7162017274744643
100% Corpus,16,0.9099999999999999,0.31,0.6176741310582299,0.6176741310582299
100% Corpus,16,0.9099999999999999,0.61,0.7104331409360383,0.7104331409360383
100% Corpus,16,0.9099999999999999,0.9099999999999999,0.7176290632101587,0.7176290632101587
100% Corpus,16,0.9099999999999999,symmetric,0.7073268974088409,0.7073268974088409
100% Corpus,16,symmetric,0.01,0.5351830720783572,0.5351830720783572
100% Corpus,16,symmetric,0.31,0.5276903888937391,0.5276903888937391
100% Corpus,16,symmetric,0.61,0.5257992039928644,0.5257992039928644
100% Corpus,16,symmetric,0.9099999999999999,0.526087853180838,0.526087853180838
100% Corpus,16,symmetric,symmetric,0.5298553455406687,0.5298553455406687
100% Corpus,16,asymmetric,0.01,0.4722940380967631,0.4722940380967631
100% Corpus,16,asymmetric,0.31,0.4448438107011915,0.4448438107011915
100% Corpus,16,asymmetric,0.61,0.4292652808040253,0.4292652808040253
100% Corpus,16,asymmetric,0.9099999999999999,0.42080901193487996,0.42080901193487996
100% Corpus,16,asymmetric,symmetric,0.4526593536564706,0.4526593536564706
100% Corpus,17,0.01,0.01,0.6181337208730473,0.6181337208730473
100% Corpus,17,0.01,0.31,0.5448204561534902,0.5448204561534902
100% Corpus,17,0.01,0.61,0.5311256658214427,0.5311256658214427
100% Corpus,17,0.01,0.9099999999999999,0.5366954419110805,0.5366954419110805
100% Corpus,17,0.01,symmetric,0.5941210644121687,0.5941210644121687
100% Corpus,17,0.31,0.01,0.6805664073827895,0.6805664073827895
100% Corpus,17,0.31,0.31,0.6694358861493798,0.6694358861493798
100% Corpus,17,0.31,0.61,0.6436306451425073,0.6436306451425073
100% Corpus,17,0.31,0.9099999999999999,0.6254063664576018,0.6254063664576018
100% Corpus,17,0.31,symmetric,0.6858699867627853,0.6858699867627853
100% Corpus,17,0.61,0.01,0.6738717104026534,0.6738717104026534
100% Corpus,17,0.61,0.31,0.5732011728969605,0.5732011728969605
100% Corpus,17,0.61,0.61,0.6464850976790057,0.6464850976790057
100% Corpus,17,0.61,0.9099999999999999,0.7035059893896243,0.7035059893896243
100% Corpus,17,0.61,symmetric,0.6770691521196062,0.6770691521196062
100% Corpus,17,0.9099999999999999,0.01,0.7275606893081966,0.7275606893081966
100% Corpus,17,0.9099999999999999,0.31,0.6241914370689718,0.6241914370689718
100% Corpus,17,0.9099999999999999,0.61,0.7120612101919074,0.7120612101919074
100% Corpus,17,0.9099999999999999,0.9099999999999999,0.7173750805511743,0.7173750805511743
100% Corpus,17,0.9099999999999999,symmetric,0.7012998225681436,0.7012998225681436
100% Corpus,17,symmetric,0.01,0.5223407997222415,0.5223407997222415
100% Corpus,17,symmetric,0.31,0.5176268432240105,0.5176268432240105
100% Corpus,17,symmetric,0.61,0.5163217494748276,0.5163217494748276
100% Corpus,17,symmetric,0.9099999999999999,0.5167551048440095,0.5167551048440095
100% Corpus,17,symmetric,symmetric,0.5185416286921999,0.5185416286921999
100% Corpus,17,asymmetric,0.01,0.46875572811566346,0.46875572811566346
100% Corpus,17,asymmetric,0.31,0.40871705620967463,0.40871705620967463
100% Corpus,17,asymmetric,0.61,0.39554707121095445,0.39554707121095445
100% Corpus,17,asymmetric,0.9099999999999999,0.39726045171424484,0.39726045171424484
100% Corpus,17,asymmetric,symmetric,0.4130216554382623,0.4130216554382623
100% Corpus,18,0.01,0.01,0.5968368243545557,0.5968368243545557
100% Corpus,18,0.01,0.31,0.5373440001084373,0.5373440001084373
100% Corpus,18,0.01,0.61,0.5101217596719256,0.5101217596719256
100% Corpus,18,0.01,0.9099999999999999,0.5194635776211183,0.5194635776211183
100% Corpus,18,0.01,symmetric,0.579368385891025,0.579368385891025
100% Corpus,18,0.31,0.01,0.6650506182784045,0.6650506182784045
100% Corpus,18,0.31,0.31,0.6529116764347834,0.6529116764347834
100% Corpus,18,0.31,0.61,0.6195432762614085,0.6195432762614085
100% Corpus,18,0.31,0.9099999999999999,0.6017248564383303,0.6017248564383303
100% Corpus,18,0.31,symmetric,0.666304898891037,0.666304898891037
100% Corpus,18,0.61,0.01,0.677779210370693,0.677779210370693
100% Corpus,18,0.61,0.31,0.5340825312896456,0.5340825312896456
100% Corpus,18,0.61,0.61,0.6428183895265236,0.6428183895265236
100% Corpus,18,0.61,0.9099999999999999,0.713204441578296,0.713204441578296
100% Corpus,18,0.61,symmetric,0.683681366891546,0.683681366891546
100% Corpus,18,0.9099999999999999,0.01,0.7389084832754536,0.7389084832754536
100% Corpus,18,0.9099999999999999,0.31,0.6403646147262282,0.6403646147262282
100% Corpus,18,0.9099999999999999,0.61,0.7130480352345923,0.7130480352345923
100% Corpus,18,0.9099999999999999,0.9099999999999999,0.717536861250982,0.717536861250982
100% Corpus,18,0.9099999999999999,symmetric,0.7197771522953311,0.7197771522953311
100% Corpus,18,symmetric,0.01,0.5025773801942833,0.5025773801942833
100% Corpus,18,symmetric,0.31,0.4996274738443273,0.4996274738443273
100% Corpus,18,symmetric,0.61,0.4995231098708598,0.4995231098708598
100% Corpus,18,symmetric,0.9099999999999999,0.5054770485380421,0.5054770485380421
100% Corpus,18,symmetric,symmetric,0.49708703200583987,0.49708703200583987
100% Corpus,18,asymmetric,0.01,0.4977677807557091,0.4977677807557091
100% Corpus,18,asymmetric,0.31,0.42879476862797916,0.42879476862797916
100% Corpus,18,asymmetric,0.61,0.4198912385412813,0.4198912385412813
100% Corpus,18,asymmetric,0.9099999999999999,0.4159604791559431,0.4159604791559431
100% Corpus,18,asymmetric,symmetric,0.44839380173469845,0.44839380173469845
100% Corpus,19,0.01,0.01,0.5706424460903072,0.5706424460903072
100% Corpus,19,0.01,0.31,0.501550584166945,0.501550584166945
100% Corpus,19,0.01,0.61,0.4916620844635129,0.4916620844635129
100% Corpus,19,0.01,0.9099999999999999,0.48185928263809336,0.48185928263809336
100% Corpus,19,0.01,symmetric,0.5566469118936139,0.5566469118936139
100% Corpus,19,0.31,0.01,0.6680094073574852,0.6680094073574852
100% Corpus,19,0.31,0.31,0.6682324612783258,0.6682324612783258
100% Corpus,19,0.31,0.61,0.6219965494411532,0.6219965494411532
100% Corpus,19,0.31,0.9099999999999999,0.6130749450046019,0.6130749450046019
100% Corpus,19,0.31,symmetric,0.6821628019430108,0.6821628019430108
100% Corpus,19,0.61,0.01,0.6804472354759245,0.6804472354759245
100% Corpus,19,0.61,0.31,0.5183233846185672,0.5183233846185672
100% Corpus,19,0.61,0.61,0.6555362598931342,0.6555362598931342
100% Corpus,19,0.61,0.9099999999999999,0.7160324445759343,0.7160324445759343
100% Corpus,19,0.61,symmetric,0.6853964166187424,0.6853964166187424
100% Corpus,19,0.9099999999999999,0.01,0.7387564513740751,0.7387564513740751
100% Corpus,19,0.9099999999999999,0.31,0.657148588931314,0.657148588931314
100% Corpus,19,0.9099999999999999,0.61,0.7134202370010385,0.7134202370010385
100% Corpus,19,0.9099999999999999,0.9099999999999999,0.7177343927426313,0.7177343927426313
100% Corpus,19,0.9099999999999999,symmetric,0.7136065952335694,0.7136065952335694
100% Corpus,19,symmetric,0.01,0.4805174554082421,0.4805174554082421
100% Corpus,19,symmetric,0.31,0.46738585634603275,0.46738585634603275
100% Corpus,19,symmetric,0.61,0.4691089418379825,0.4691089418379825
100% Corpus,19,symmetric,0.9099999999999999,0.47044747695469963,0.47044747695469963
100% Corpus,19,symmetric,symmetric,0.4751852693090347,0.4751852693090347
100% Corpus,19,asymmetric,0.01,0.47253930539221534,0.47253930539221534
100% Corpus,19,asymmetric,0.31,0.42116537548857913,0.42116537548857913
100% Corpus,19,asymmetric,0.61,0.4185756584925605,0.4185756584925605
100% Corpus,19,asymmetric,0.9099999999999999,0.4140407621466882,0.4140407621466882
100% Corpus,19,asymmetric,symmetric,0.44100611050091076,0.44100611050091076
100% Corpus,20,0.01,0.01,0.5702858247750101,0.5702858247750101
100% Corpus,20,0.01,0.31,0.48755578313099457,0.48755578313099457
100% Corpus,20,0.01,0.61,0.4714305858452229,0.4714305858452229
100% Corpus,20,0.01,0.9099999999999999,0.46835107168174234,0.46835107168174234
100% Corpus,20,0.01,symmetric,0.5465462320274025,0.5465462320274025
100% Corpus,20,0.31,0.01,0.6721116525481319,0.6721116525481319
100% Corpus,20,0.31,0.31,0.6386368734187371,0.6386368734187371
100% Corpus,20,0.31,0.61,0.5808537070530433,0.5808537070530433
100% Corpus,20,0.31,0.9099999999999999,0.5620443588184005,0.5620443588184005
100% Corpus,20,0.31,symmetric,0.6726706987859703,0.6726706987859703
100% Corpus,20,0.61,0.01,0.6876020156737683,0.6876020156737683
100% Corpus,20,0.61,0.31,0.5010621216767607,0.5010621216767607
100% Corpus,20,0.61,0.61,0.6740098905179176,0.6740098905179176
100% Corpus,20,0.61,0.9099999999999999,0.7169886326267004,0.7169886326267004
100% Corpus,20,0.61,symmetric,0.6825111052320547,0.6825111052320547
100% Corpus,20,0.9099999999999999,0.01,0.7407030867767281,0.7407030867767281
100% Corpus,20,0.9099999999999999,0.31,0.6728491068363583,0.6728491068363583
100% Corpus,20,0.9099999999999999,0.61,0.715570187773858,0.715570187773858
100% Corpus,20,0.9099999999999999,0.9099999999999999,0.7168956040893022,0.7168956040893022
100% Corpus,20,0.9099999999999999,symmetric,0.7122317920449746,0.7122317920449746
100% Corpus,20,symmetric,0.01,0.48284167113497256,0.48284167113497256
100% Corpus,20,symmetric,0.31,0.47355244877370684,0.47355244877370684
100% Corpus,20,symmetric,0.61,0.47272671041462055,0.47272671041462055
100% Corpus,20,symmetric,0.9099999999999999,0.47421736574698253,0.47421736574698253
100% Corpus,20,symmetric,symmetric,0.4723577740843086,0.4723577740843086
100% Corpus,20,asymmetric,0.01,0.4671413621506201,0.4671413621506201
100% Corpus,20,asymmetric,0.31,0.42253495788272544,0.42253495788272544
100% Corpus,20,asymmetric,0.61,0.41606486613625726,0.41606486613625726
100% Corpus,20,asymmetric,0.9099999999999999,0.40967263898745543,0.40967263898745543
100% Corpus,20,asymmetric,symmetric,0.44799464917268594,0.44799464917268594
100% Corpus,21,0.01,0.01,0.5571098173817206,0.5571098173817206
100% Corpus,21,0.01,0.31,0.49010849694005243,0.49010849694005243
100% Corpus,21,0.01,0.61,0.47826313016676913,0.47826313016676913
100% Corpus,21,0.01,0.9099999999999999,0.47556622280388927,0.47556622280388927
100% Corpus,21,0.01,symmetric,0.5413123627132933,0.5413123627132933
100% Corpus,21,0.31,0.01,0.6683600786732771,0.6683600786732771
100% Corpus,21,0.31,0.31,0.6266314081849595,0.6266314081849595
100% Corpus,21,0.31,0.61,0.5739772095729465,0.5739772095729465
100% Corpus,21,0.31,0.9099999999999999,0.5573116559530166,0.5573116559530166
100% Corpus,21,0.31,symmetric,0.6776275162318239,0.6776275162318239
100% Corpus,21,0.61,0.01,0.6967466994814492,0.6967466994814492
100% Corpus,21,0.61,0.31,0.47877927956029687,0.47877927956029687
100% Corpus,21,0.61,0.61,0.6933486380704844,0.6933486380704844
100% Corpus,21,0.61,0.9099999999999999,0.7167722804096811,0.7167722804096811
100% Corpus,21,0.61,symmetric,0.6777091123737754,0.6777091123737754
100% Corpus,21,0.9099999999999999,0.01,0.7415529059602858,0.7415529059602858
100% Corpus,21,0.9099999999999999,0.31,0.6883489234252657,0.6883489234252657
100% Corpus,21,0.9099999999999999,0.61,0.7164230879421317,0.7164230879421317
100% Corpus,21,0.9099999999999999,0.9099999999999999,0.7173255750582412,0.7173255750582412
100% Corpus,21,0.9099999999999999,symmetric,0.7200668496982282,0.7200668496982282
100% Corpus,21,symmetric,0.01,0.4805295606165815,0.4805295606165815
100% Corpus,21,symmetric,0.31,0.47523517022663386,0.47523517022663386
100% Corpus,21,symmetric,0.61,0.471199112395982,0.471199112395982
100% Corpus,21,symmetric,0.9099999999999999,0.4747350665848672,0.4747350665848672
100% Corpus,21,symmetric,symmetric,0.4770173304064796,0.4770173304064796
100% Corpus,21,asymmetric,0.01,0.4386702807109657,0.4386702807109657
100% Corpus,21,asymmetric,0.31,0.3932248591058754,0.3932248591058754
100% Corpus,21,asymmetric,0.61,0.390432433027356,0.390432433027356
100% Corpus,21,asymmetric,0.9099999999999999,0.39169435942602476,0.39169435942602476
100% Corpus,21,asymmetric,symmetric,0.4050801728828554,0.4050801728828554
100% Corpus,22,0.01,0.01,0.5576650735884764,0.5576650735884764
100% Corpus,22,0.01,0.31,0.4579607014777236,0.4579607014777236
100% Corpus,22,0.01,0.61,0.44105699596360676,0.44105699596360676
100% Corpus,22,0.01,0.9099999999999999,0.4374078431387714,0.4374078431387714
100% Corpus,22,0.01,symmetric,0.5258205360650409,0.5258205360650409
100% Corpus,22,0.31,0.01,0.6762695118316938,0.6762695118316938
100% Corpus,22,0.31,0.31,0.6255024320454642,0.6255024320454642
100% Corpus,22,0.31,0.61,0.5573723668580467,0.5573723668580467
100% Corpus,22,0.31,0.9099999999999999,0.5387223110105377,0.5387223110105377
100% Corpus,22,0.31,symmetric,0.674273191905438,0.674273191905438
100% Corpus,22,0.61,0.01,0.6965813517697039,0.6965813517697039
100% Corpus,22,0.61,0.31,0.45268928690552285,0.45268928690552285
100% Corpus,22,0.61,0.61,0.7028582602661023,0.7028582602661023
100% Corpus,22,0.61,0.9099999999999999,0.7177962430260504,0.7177962430260504
100% Corpus,22,0.61,symmetric,0.6605343034693422,0.6605343034693422
100% Corpus,22,0.9099999999999999,0.01,0.7432170486062758,0.7432170486062758
100% Corpus,22,0.9099999999999999,0.31,0.6958436480615675,0.6958436480615675
100% Corpus,22,0.9099999999999999,0.61,0.7158723466753134,0.7158723466753134
100% Corpus,22,0.9099999999999999,0.9099999999999999,0.7167226821864543,0.7167226821864543
100% Corpus,22,0.9099999999999999,symmetric,0.7248411416336453,0.7248411416336453
100% Corpus,22,symmetric,0.01,0.45919477111734514,0.45919477111734514
100% Corpus,22,symmetric,0.31,0.43417713457172324,0.43417713457172324
100% Corpus,22,symmetric,0.61,0.43086192792333367,0.43086192792333367
100% Corpus,22,symmetric,0.9099999999999999,0.43498351746283725,0.43498351746283725
100% Corpus,22,symmetric,symmetric,0.44256036440328206,0.44256036440328206
100% Corpus,22,asymmetric,0.01,0.44828040439672423,0.44828040439672423
100% Corpus,22,asymmetric,0.31,0.40357965719388517,0.40357965719388517
100% Corpus,22,asymmetric,0.61,0.3991063919636551,0.3991063919636551
100% Corpus,22,asymmetric,0.9099999999999999,0.3990427768690648,0.3990427768690648
100% Corpus,22,asymmetric,symmetric,0.42221413027241667,0.42221413027241667
100% Corpus,23,0.01,0.01,0.5735017030681662,0.5735017030681662
100% Corpus,23,0.01,0.31,0.4741520246854844,0.4741520246854844
100% Corpus,23,0.01,0.61,0.4629324497017589,0.4629324497017589
100% Corpus,23,0.01,0.9099999999999999,0.45967838309555925,0.45967838309555925
100% Corpus,23,0.01,symmetric,0.5406067344635058,0.5406067344635058
100% Corpus,23,0.31,0.01,0.6598216981718611,0.6598216981718611
100% Corpus,23,0.31,0.31,0.6018154239697077,0.6018154239697077
100% Corpus,23,0.31,0.61,0.5559339156542119,0.5559339156542119
100% Corpus,23,0.31,0.9099999999999999,0.5377949393460074,0.5377949393460074
100% Corpus,23,0.31,symmetric,0.6578004067572096,0.6578004067572096
100% Corpus,23,0.61,0.01,0.700793936232074,0.700793936232074
100% Corpus,23,0.61,0.31,0.4724789667871559,0.4724789667871559
100% Corpus,23,0.61,0.61,0.7103633223411666,0.7103633223411666
100% Corpus,23,0.61,0.9099999999999999,0.7181496670004405,0.7181496670004405
100% Corpus,23,0.61,symmetric,0.657812253893768,0.657812253893768
100% Corpus,23,0.9099999999999999,0.01,0.7447946912671254,0.7447946912671254
100% Corpus,23,0.9099999999999999,0.31,0.7008495509260051,0.7008495509260051
100% Corpus,23,0.9099999999999999,0.61,0.7171686331591304,0.7171686331591304
100% Corpus,23,0.9099999999999999,0.9099999999999999,0.7171966068704446,0.7171966068704446
100% Corpus,23,0.9099999999999999,symmetric,0.7324440435044342,0.7324440435044342
100% Corpus,23,symmetric,0.01,0.48492440530863645,0.48492440530863645
100% Corpus,23,symmetric,0.31,0.448799153304876,0.448799153304876
100% Corpus,23,symmetric,0.61,0.44889135925507523,0.44889135925507523
100% Corpus,23,symmetric,0.9099999999999999,0.45266042993691297,0.45266042993691297
100% Corpus,23,symmetric,symmetric,0.47196328894392237,0.47196328894392237
100% Corpus,23,asymmetric,0.01,0.4457802462297859,0.4457802462297859
100% Corpus,23,asymmetric,0.31,0.40733315525191177,0.40733315525191177
100% Corpus,23,asymmetric,0.61,0.4089514521904443,0.4089514521904443
100% Corpus,23,asymmetric,0.9099999999999999,0.40791788309839666,0.40791788309839666
100% Corpus,23,asymmetric,symmetric,0.423491019555621,0.423491019555621
100% Corpus,24,0.01,0.01,0.5554446104703751,0.5554446104703751
100% Corpus,24,0.01,0.31,0.4461524015541137,0.4461524015541137
100% Corpus,24,0.01,0.61,0.43219386745020555,0.43219386745020555
100% Corpus,24,0.01,0.9099999999999999,0.4315109160510882,0.4315109160510882
100% Corpus,24,0.01,symmetric,0.5180600348332004,0.5180600348332004
100% Corpus,24,0.31,0.01,0.632467246385192,0.632467246385192
100% Corpus,24,0.31,0.31,0.6013097194847178,0.6013097194847178
100% Corpus,24,0.31,0.61,0.5283368456559198,0.5283368456559198
100% Corpus,24,0.31,0.9099999999999999,0.5096941933054292,0.5096941933054292
100% Corpus,24,0.31,symmetric,0.6343239669338998,0.6343239669338998
100% Corpus,24,0.61,0.01,0.7096612491309262,0.7096612491309262
100% Corpus,24,0.61,0.31,0.47675419507841615,0.47675419507841615
100% Corpus,24,0.61,0.61,0.7110591225744893,0.7110591225744893
100% Corpus,24,0.61,0.9099999999999999,0.7181699144860749,0.7181699144860749
100% Corpus,24,0.61,symmetric,0.6479497465088745,0.6479497465088745
100% Corpus,24,0.9099999999999999,0.01,0.7473661080585495,0.7473661080585495
100% Corpus,24,0.9099999999999999,0.31,0.7056612752540126,0.7056612752540126
100% Corpus,24,0.9099999999999999,0.61,0.7191579743393133,0.7191579743393133
100% Corpus,24,0.9099999999999999,0.9099999999999999,0.718061763572941,0.718061763572941
100% Corpus,24,0.9099999999999999,symmetric,0.7321086226647258,0.7321086226647258
100% Corpus,24,symmetric,0.01,0.4412044080438616,0.4412044080438616
100% Corpus,24,symmetric,0.31,0.42275600908196315,0.42275600908196315
100% Corpus,24,symmetric,0.61,0.42271940299534894,0.42271940299534894
100% Corpus,24,symmetric,0.9099999999999999,0.42390720638733015,0.42390720638733015
100% Corpus,24,symmetric,symmetric,0.4364510963229282,0.4364510963229282
100% Corpus,24,asymmetric,0.01,0.44398493284955926,0.44398493284955926
100% Corpus,24,asymmetric,0.31,0.4082337156153841,0.4082337156153841
100% Corpus,24,asymmetric,0.61,0.40446470656501826,0.40446470656501826
100% Corpus,24,asymmetric,0.9099999999999999,0.4021750659859304,0.4021750659859304
100% Corpus,24,asymmetric,symmetric,0.42555499216567033,0.42555499216567033
